[{"model": "email_sending.mailmodel", "pk": 1, "fields": {"subject": "aaa", "message": "bbb", "from_mail": "ccc", "to_mail": "ddd"}}, {"model": "email_sending.mailmodel", "pk": 2, "fields": {"subject": "First mail", "message": "test mail", "from_mail": "a@a.com", "to_mail": "b@b.com"}}, {"model": "email_sending.mailmodel", "pk": 3, "fields": {"subject": "First mail", "message": "test mail", "from_mail": "a@a.com", "to_mail": "b@b.com"}}, {"model": "email_sending.mailmodel", "pk": 4, "fields": {"subject": "second mail", "message": "another test", "from_mail": "a@a.com", "to_mail": "b@b.com"}}, {"model": "email_sending.mailmodel", "pk": 5, "fields": {"subject": "third mail", "message": "test test", "from_mail": "a@a.com", "to_mail": "b@b.com"}}, {"model": "email_sending.mailmodel", "pk": 6, "fields": {"subject": "First mail", "message": "test mail", "from_mail": "a@a.com", "to_mail": "b@b.com"}}, {"model": "email_sending.mailmodel", "pk": 7, "fields": {"subject": "First mail", "message": "test mail", "from_mail": "a@a.com", "to_mail": "b@b.com"}}, {"model": "email_sending.mailmodel", "pk": 8, "fields": {"subject": "third mail", "message": "another test", "from_mail": "a@a.com", "to_mail": "b@b.com"}}, {"model": "email_sending.mailmodel", "pk": 9, "fields": {"subject": "second mail", "message": "test test", "from_mail": "a@a.com", "to_mail": "b@b.com"}}, {"model": "email_sending.mailmodel", "pk": 10, "fields": {"subject": "third mail", "message": "test test", "from_mail": "a@a.com", "to_mail": "b@b.com"}}, {"model": "email_sending.mailmodel", "pk": 11, "fields": {"subject": "First mail", "message": "test mail", "from_mail": "testmailadres1919@gmail.com", "to_mail": "onofre@yiustrange.com"}}, {"model": "email_sending.mailmodel", "pk": 12, "fields": {"subject": "First mail", "message": "test mail", "from_mail": "testmailadres1919@gmail.com", "to_mail": "onofre@yiustrange.com"}}, {"model": "email_sending.mailmodel", "pk": 13, "fields": {"subject": "second mail", "message": "another test", "from_mail": "testmailadres1919@gmail.com", "to_mail": "onofre@yiustrange.com"}}, {"model": "email_sending.mailmodel", "pk": 14, "fields": {"subject": "First mail", "message": "test mail", "from_mail": "testmailadres1919@gmail.com", "to_mail": "onofre@yiustrange.com"}}, {"model": "email_sending.mailmodel", "pk": 15, "fields": {"subject": "second mail", "message": "another test", "from_mail": "testmailadres1919@gmail.com", "to_mail": "onofre@yiustrange.com"}}, {"model": "email_sending.mailmodel", "pk": 16, "fields": {"subject": "Just Subject", "message": "Hey Django", "from_mail": "testmailadres1919@gmail.com", "to_mail": "onofre@yiustrange.com"}}, {"model": "email_sending.mailmodel", "pk": 17, "fields": {"subject": "Another subject", "message": "Message", "from_mail": "testmailadres1919@gmail.com", "to_mail": "onofre@yiustrange.com"}}, {"model": "email_sending.mailmodel", "pk": 18, "fields": {"subject": "Just Subject", "message": "test test", "from_mail": "testmailadres1919@gmail.com", "to_mail": "onofre@yiustrange.com"}}, {"model": "email_sending.mailmodel", "pk": 19, "fields": {"subject": "Just Subject", "message": "Hey Django", "from_mail": "testmailadres1919@gmail.com", "to_mail": "onofre@yiustrange.com"}}, {"model": "email_sending.mailmodel", "pk": 20, "fields": {"subject": "third mail", "message": "another test", "from_mail": "testmailadres1919@gmail.com", "to_mail": "azan9@puttingpv.com"}}, {"model": "email_sending.mailmodel", "pk": 21, "fields": {"subject": "Another subject", "message": "another test", "from_mail": "testmailadres1919@gmail.com", "to_mail": "azan9@puttingpv.com"}}, {"model": "email_sending.mailmodel", "pk": 22, "fields": {"subject": "First mail", "message": "test mail", "from_mail": "testmailadres1919@gmail.com", "to_mail": "azan9@puttingpv.com"}}, {"model": "email_sending.mailmodel", "pk": 23, "fields": {"subject": "Another subject", "message": "Hey Django", "from_mail": "testmailadres1919@gmail.com", "to_mail": "azan9@puttingpv.com"}}, {"model": "email_sending.mailmodel", "pk": 24, "fields": {"subject": "third mail", "message": "another test", "from_mail": "testmailadres1919@gmail.com", "to_mail": "azan9@puttingpv.com"}}, {"model": "email_sending.mailmodel", "pk": 25, "fields": {"subject": "Another subject", "message": "another test", "from_mail": "testmailadres1919@gmail.com", "to_mail": "azan9@puttingpv.com"}}, {"model": "email_sending.mailmodel", "pk": 26, "fields": {"subject": "Just Subject", "message": "Hey Django", "from_mail": "testmailadres1919@gmail.com", "to_mail": "azan9@puttingpv.com"}}, {"model": "email_sending.mailmodel", "pk": 27, "fields": {"subject": "Another subject", "message": "Hey Django", "from_mail": "testmailadres1919@gmail.com", "to_mail": "azan9@puttingpv.com"}}, {"model": "email_sending.mailmodel", "pk": 28, "fields": {"subject": "Just Subject", "message": "test mail", "from_mail": "testmailadres1919@gmail.com", "to_mail": "azan9@puttingpv.com"}}, {"model": "email_sending.mailmodel", "pk": 29, "fields": {"subject": "First mail", "message": "test mail", "from_mail": "testmailadres1919@gmail.com", "to_mail": "onofre@yiustrange.com"}}, {"model": "email_sending.mailmodel", "pk": 30, "fields": {"subject": "third mail", "message": "another test", "from_mail": "testmailadres1919@gmail.com", "to_mail": "azan9@puttingpv.com"}}, {"model": "email_sending.mailmodel", "pk": 31, "fields": {"subject": "First mail", "message": "test mail", "from_mail": "testmailadres1919@gmail.com", "to_mail": "onofre@yiustrange.com"}}, {"model": "email_sending.mailmodel", "pk": 32, "fields": {"subject": "First mail", "message": "test mail", "from_mail": "testmailadres1919@gmail.com", "to_mail": "azan9@puttingpv.com"}}, {"model": "email_sending.mailmodel", "pk": 33, "fields": {"subject": "First mail", "message": "another test", "from_mail": "testmailadres1919@gmail.com", "to_mail": "azan9@puttingpv.com"}}, {"model": "email_sending.mailmodel", "pk": 34, "fields": {"subject": "First mail", "message": "another test", "from_mail": "testmailadres1919@gmail.com", "to_mail": "azan9@puttingpv.com"}}, {"model": "email_sending.mailmodel", "pk": 35, "fields": {"subject": "First mail", "message": "another test", "from_mail": "testmailadres1919@gmail.com", "to_mail": "azan9@puttingpv.com"}}, {"model": "email_sending.mailmodel", "pk": 36, "fields": {"subject": "First mail", "message": "test mail", "from_mail": "testmailadres1919@gmail.com", "to_mail": "azan9@puttingpv.com"}}, {"model": "email_sending.mailmodel", "pk": 37, "fields": {"subject": "third mail", "message": "another test", "from_mail": "testmailadres1919@gmail.com", "to_mail": "azan9@puttingpv.com"}}, {"model": "email_sending.mailmodel", "pk": 38, "fields": {"subject": "Another subject", "message": "another test", "from_mail": "testmailadres1919@gmail.com", "to_mail": "azan9@puttingpv.com"}}, {"model": "email_sending.mailmodel", "pk": 39, "fields": {"subject": "Another subject", "message": "another test", "from_mail": "testmailadres1919@gmail.com", "to_mail": "azan9@puttingpv.com"}}, {"model": "email_sending.mailmodel", "pk": 40, "fields": {"subject": "Another subject", "message": "another test", "from_mail": "testmailadres1919@gmail.com", "to_mail": "azan9@puttingpv.com"}}, {"model": "email_sending.mailmodel", "pk": 41, "fields": {"subject": "Another subject", "message": "another test", "from_mail": "testmailadres1919@gmail.com", "to_mail": "azan9@puttingpv.com"}}, {"model": "email_sending.mailmodel", "pk": 42, "fields": {"subject": "Another subject", "message": "another test", "from_mail": "testmailadres1919@gmail.com", "to_mail": "azan9@puttingpv.com"}}, {"model": "email_sending.mailmodel", "pk": 43, "fields": {"subject": "First mail", "message": "test mail", "from_mail": "testmailadres1919@gmail.com", "to_mail": "azan9@puttingpv.com"}}, {"model": "email_sending.mailmodel", "pk": 44, "fields": {"subject": "First mail", "message": "test mail", "from_mail": "testmailadres1919@gmail.com", "to_mail": "azan9@puttingpv.com"}}, {"model": "email_sending.mailmodel", "pk": 45, "fields": {"subject": "Another subject", "message": "test mail", "from_mail": "testmailadres1919@gmail.com", "to_mail": "azan9@puttingpv.com"}}, {"model": "email_sending.mailmodel", "pk": 46, "fields": {"subject": "First mail", "message": "another test", "from_mail": "testmailadres1919@gmail.com", "to_mail": "azan9@puttingpv.com"}}, {"model": "email_sending.mailmodel", "pk": 47, "fields": {"subject": "Another subject", "message": "another test", "from_mail": "testmailadres1919@gmail.com", "to_mail": "azan9@puttingpv.com"}}, {"model": "email_sending.mailmodel", "pk": 48, "fields": {"subject": "Another subject", "message": "another test", "from_mail": "testmailadres1919@gmail.com", "to_mail": "azan9@puttingpv.com"}}, {"model": "email_sending.mailmodel", "pk": 49, "fields": {"subject": "First mail", "message": "test mail", "from_mail": "testmailadres1919@gmail.com", "to_mail": "azan9@puttingpv.com"}}, {"model": "email_sending.mailmodel", "pk": 50, "fields": {"subject": "First mail", "message": "test mail", "from_mail": "testmailadres1919@gmail.com", "to_mail": "azan9@puttingpv.com"}}, {"model": "email_sending.mailmodel", "pk": 51, "fields": {"subject": "First mail", "message": "test mail", "from_mail": "testmailadres1919@gmail.com", "to_mail": "azan9@puttingpv.com"}}, {"model": "email_sending.mailmodel", "pk": 52, "fields": {"subject": "First mail", "message": "test mail", "from_mail": "testmailadres1919@gmail.com", "to_mail": "azan9@puttingpv.com"}}, {"model": "email_sending.mailmodel", "pk": 53, "fields": {"subject": "Another subject", "message": "test mail", "from_mail": "testmailadres1919@gmail.com", "to_mail": "azan9@puttingpv.com"}}, {"model": "email_sending.mailmodel", "pk": 54, "fields": {"subject": "First mail", "message": "test mail", "from_mail": "testmailadres1919@gmail.com", "to_mail": "azan9@puttingpv.com"}}, {"model": "email_sending.mailmodel", "pk": 55, "fields": {"subject": "First mail", "message": "test mail", "from_mail": "testmailadres1919@gmail.com", "to_mail": "azan9@puttingpv.com"}}, {"model": "email_sending.mailmodel", "pk": 56, "fields": {"subject": "First mail", "message": "test mail", "from_mail": "testmailadres1919@gmail.com", "to_mail": "azan9@puttingpv.com"}}, {"model": "email_sending.mailmodel", "pk": 57, "fields": {"subject": "Another subject", "message": "test mail", "from_mail": "testmailadres1919@gmail.com", "to_mail": "azan9@puttingpv.com"}}, {"model": "email_sending.mailmodel", "pk": 58, "fields": {"subject": "First mail", "message": "test mail", "from_mail": "testmailadres1919@gmail.com", "to_mail": "azan9@puttingpv.com"}}, {"model": "email_sending.mailmodel", "pk": 59, "fields": {"subject": "First mail", "message": "another test", "from_mail": "testmailadres1919@gmail.com", "to_mail": "azan9@puttingpv.com"}}, {"model": "email_sending.mailmodel", "pk": 60, "fields": {"subject": "First mail", "message": "test mail", "from_mail": "testmailadres1919@gmail.com", "to_mail": "azan9@puttingpv.com"}}, {"model": "email_sending.mailmodel", "pk": 61, "fields": {"subject": "Another subject", "message": "another test", "from_mail": "testmailadres1919@gmail.com", "to_mail": "azan9@puttingpv.com"}}, {"model": "email_sending.mailmodel", "pk": 62, "fields": {"subject": "First mail", "message": "another test", "from_mail": "testmailadres1919@gmail.com", "to_mail": "azan9@puttingpv.com"}}, {"model": "email_sending.mailmodel", "pk": 63, "fields": {"subject": "First mail", "message": "another test", "from_mail": "testmailadres1919@gmail.com", "to_mail": "azan9@puttingpv.com"}}, {"model": "email_sending.mailmodel", "pk": 64, "fields": {"subject": "First mail", "message": "test mail", "from_mail": "testmailadres1919@gmail.com", "to_mail": "azan9@puttingpv.com"}}, {"model": "email_sending.mailmodel", "pk": 65, "fields": {"subject": "Another subject", "message": "another test", "from_mail": "testmailadres1919@gmail.com", "to_mail": "azan9@puttingpv.com"}}, {"model": "email_sending.mailmodel", "pk": 66, "fields": {"subject": "First mail", "message": "test mail", "from_mail": "testmailadres1919@gmail.com", "to_mail": "azan9@puttingpv.com"}}, {"model": "email_sending.mailmodel", "pk": 67, "fields": {"subject": "First mail", "message": "another test", "from_mail": "testmailadres1919@gmail.com", "to_mail": "azan9@puttingpv.com"}}, {"model": "email_sending.mailmodel", "pk": 68, "fields": {"subject": "Another subject", "message": "test mail", "from_mail": "testmailadres1919@gmail.com", "to_mail": "azan9@puttingpv.com"}}, {"model": "email_sending.mailmodel", "pk": 69, "fields": {"subject": "First mail", "message": "another test", "from_mail": "testmailadres1919@gmail.com", "to_mail": "azan9@puttingpv.com"}}, {"model": "email_sending.mailmodel", "pk": 70, "fields": {"subject": "First mail", "message": "test mail", "from_mail": "testmailadres1919@gmail.com", "to_mail": "azan9@puttingpv.com"}}, {"model": "email_sending.mailmodel", "pk": 71, "fields": {"subject": "Another subject", "message": "test mail", "from_mail": "testmailadres1919@gmail.com", "to_mail": "azan9@puttingpv.com"}}, {"model": "email_sending.mailmodel", "pk": 72, "fields": {"subject": "First mail", "message": "another test", "from_mail": "testmailadres1919@gmail.com", "to_mail": "azan9@puttingpv.com"}}, {"model": "email_sending.mailmodel", "pk": 73, "fields": {"subject": "First mail", "message": "test mail", "from_mail": "testmailadres1919@gmail.com", "to_mail": "azan9@puttingpv.com"}}, {"model": "email_sending.mailmodel", "pk": 74, "fields": {"subject": "First mail", "message": "test mail", "from_mail": "a@a.com", "to_mail": "azan9@puttingpv.com"}}, {"model": "email_sending.mailmodel", "pk": 75, "fields": {"subject": "Another subject", "message": "another test", "from_mail": "testmailadres1919@gmail.com", "to_mail": "b@b.com"}}, {"model": "email_sending.mailmodel", "pk": 76, "fields": {"subject": "First mail", "message": "test mail", "from_mail": "testmailadres1919@gmail.com", "to_mail": "azan9@puttingpv.com"}}, {"model": "email_sending.mailmodel", "pk": 77, "fields": {"subject": "First mail", "message": "test mail", "from_mail": "testmailadres1919@gmail.com", "to_mail": "azan9@puttingpv.com"}}, {"model": "email_sending.mailmodel", "pk": 78, "fields": {"subject": "Test mail ...", "message": "Using logging with celery and celery beat", "from_mail": "testmailadres1919@gmail.com", "to_mail": "azan9@puttingpv.com"}}, {"model": "email_sending.mailmodel", "pk": 79, "fields": {"subject": "Test mail ...", "message": "Using logging with celery and celery beat", "from_mail": "testmailadres1919@gmail.com", "to_mail": "azan9@puttingpv.com"}}, {"model": "email_sending.mailmodel", "pk": 80, "fields": {"subject": "First mail", "message": "test test", "from_mail": "testmailadres1919@gmail.com", "to_mail": "azan9@puttingpv.com"}}, {"model": "library.category", "pk": 1, "fields": {"name": "Sport"}}, {"model": "library.category", "pk": 2, "fields": {"name": "Istorice"}}, {"model": "library.category", "pk": 3, "fields": {"name": "Drama"}}, {"model": "library.category", "pk": 4, "fields": {"name": "Documentar"}}, {"model": "library.category", "pk": 5, "fields": {"name": "Tehnice"}}, {"model": "library.category", "pk": 6, "fields": {"name": "Povesti"}}, {"model": "library.subcategory", "pk": 1, "fields": {"name": "Antichitate", "category": 2}}, {"model": "library.subcategory", "pk": 2, "fields": {"name": "Medievala", "category": 2}}, {"model": "library.subcategory", "pk": 3, "fields": {"name": "Al doilea razboi mondial", "category": 2}}, {"model": "library.subcategory", "pk": 4, "fields": {"name": "Echipe de traditie", "category": 1}}, {"model": "library.subcategory", "pk": 5, "fields": {"name": "Antrenorat", "category": 1}}, {"model": "library.subcategory", "pk": 6, "fields": {"name": "Vestigii", "category": 4}}, {"model": "library.subcategory", "pk": 7, "fields": {"name": "Fauna", "category": 4}}, {"model": "library.subcategory", "pk": 8, "fields": {"name": "Flora", "category": 4}}, {"model": "library.book", "pk": 1, "fields": {"title": "Imperiul Roman", "author": "A. A.", "year": 1991, "subcategory": 1}}, {"model": "library.book", "pk": 2, "fields": {"title": "Dacii si Romanii", "author": "A. A.", "year": 1993, "subcategory": 1}}, {"model": "library.book", "pk": 3, "fields": {"title": "Transilvania Medievala", "author": "A. B.", "year": 2002, "subcategory": 2}}, {"model": "library.book", "pk": 4, "fields": {"title": "Tancuri nemtesti", "author": "H. L.", "year": 1965, "subcategory": 3}}, {"model": "library.book", "pk": 5, "fields": {"title": "Berlin", "author": "O. H.", "year": 1970, "subcategory": 3}}, {"model": "library.book", "pk": 6, "fields": {"title": "Universitatea Cluj 1919", "author": "S. M.", "year": 2015, "subcategory": 4}}, {"model": "library.book", "pk": 7, "fields": {"title": "FC Maramures", "author": "F.L.", "year": 1996, "subcategory": 4}}, {"model": "library.book", "pk": 8, "fields": {"title": "Mircea Lucescu", "author": "R.P.", "year": 2016, "subcategory": 5}}, {"model": "library.book", "pk": 9, "fields": {"title": "Lupii", "author": "A. A.", "year": 2005, "subcategory": 7}}, {"model": "library.publishedbook", "pk": 1, "fields": {"publisher": 1, "book": 1, "price": "125.00", "supply": 100}}, {"model": "library.publishedbook", "pk": 2, "fields": {"publisher": 1, "book": 2, "price": "150.00", "supply": 200}}, {"model": "library.publishedbook", "pk": 3, "fields": {"publisher": 1, "book": 3, "price": "200.00", "supply": 0}}, {"model": "library.publishedbook", "pk": 4, "fields": {"publisher": 1, "book": 4, "price": "170.00", "supply": 25}}, {"model": "library.publishedbook", "pk": 5, "fields": {"publisher": 1, "book": 5, "price": "100.00", "supply": 50}}, {"model": "library.publishedbook", "pk": 6, "fields": {"publisher": 2, "book": 7, "price": "250.00", "supply": 50}}, {"model": "library.publishedbook", "pk": 7, "fields": {"publisher": 2, "book": 6, "price": "500.00", "supply": 300}}, {"model": "library.publishedbook", "pk": 8, "fields": {"publisher": 2, "book": 8, "price": "150.00", "supply": 0}}, {"model": "library.publishedbook", "pk": 9, "fields": {"publisher": 1, "book": 9, "price": "120.00", "supply": 75}}, {"model": "library.publishedbook", "pk": 10, "fields": {"publisher": 2, "book": 7, "price": "200.00", "supply": 100}}, {"model": "app_1.mymodel", "pk": 1, "fields": {"first_name": "Mosut", "last_name": "Sorin", "sex": "M", "age": 38}}, {"model": "app_1.mymodel", "pk": 2, "fields": {"first_name": "Pop", "last_name": "Ioan", "sex": "M", "age": 30}}, {"model": "app_1.mymodel", "pk": 3, "fields": {"first_name": "Morar", "last_name": "Gelu", "sex": "M", "age": 25}}, {"model": "app_1.mymodel", "pk": 4, "fields": {"first_name": "Florescu", "last_name": "Ana", "sex": "F", "age": 20}}, {"model": "app_1.mymodel", "pk": 5, "fields": {"first_name": "Vasilescu", "last_name": "George", "sex": "M", "age": 26}}, {"model": "app_1.mymodel", "pk": 6, "fields": {"first_name": "Vasilescu", "last_name": "George", "sex": "M", "age": 26}}, {"model": "app_1.mymodel", "pk": 7, "fields": {"first_name": "Popescu", "last_name": "Ionica", "sex": "M", "age": 35}}, {"model": "app_1.mymodel", "pk": 8, "fields": {"first_name": "Popescu", "last_name": "Ionica", "sex": "M", "age": 35}}, {"model": "app_1.mymodel", "pk": 9, "fields": {"first_name": "Ion", "last_name": "Ion", "sex": "M", "age": 40}}, {"model": "app_1.mymodel", "pk": 10, "fields": {"first_name": "Doe", "last_name": "John", "sex": "N/A", "age": 0}}, {"model": "app_1.mymodel", "pk": 11, "fields": {"first_name": "Doe", "last_name": "John", "sex": "N/A", "age": 0}}, {"model": "app_1.mymodel", "pk": 12, "fields": {"first_name": "Frank", "last_name": "Giuliano", "sex": "M", "age": 44}}, {"model": "app_1.mymodel", "pk": 13, "fields": {"first_name": "Tom", "last_name": "Max", "sex": "M", "age": 37}}, {"model": "app_1.mymodel", "pk": 14, "fields": {"first_name": "Mois", "last_name": "Adi", "sex": "m", "age": 37}}, {"model": "app_1.mymodel", "pk": 15, "fields": {"first_name": "uuu", "last_name": "aaa", "sex": "m", "age": 25}}, {"model": "contenttypes.contenttype", "pk": 1, "fields": {"app_label": "admin", "model": "logentry"}}, {"model": "contenttypes.contenttype", "pk": 2, "fields": {"app_label": "auth", "model": "permission"}}, {"model": "contenttypes.contenttype", "pk": 3, "fields": {"app_label": "auth", "model": "group"}}, {"model": "contenttypes.contenttype", "pk": 4, "fields": {"app_label": "auth", "model": "user"}}, {"model": "contenttypes.contenttype", "pk": 5, "fields": {"app_label": "contenttypes", "model": "contenttype"}}, {"model": "contenttypes.contenttype", "pk": 6, "fields": {"app_label": "sessions", "model": "session"}}, {"model": "contenttypes.contenttype", "pk": 7, "fields": {"app_label": "app_1", "model": "mymodel"}}, {"model": "contenttypes.contenttype", "pk": 8, "fields": {"app_label": "app_1", "model": "otherroles"}}, {"model": "contenttypes.contenttype", "pk": 9, "fields": {"app_label": "library", "model": "book"}}, {"model": "contenttypes.contenttype", "pk": 10, "fields": {"app_label": "library", "model": "publishedbook"}}, {"model": "contenttypes.contenttype", "pk": 11, "fields": {"app_label": "library", "model": "category"}}, {"model": "contenttypes.contenttype", "pk": 12, "fields": {"app_label": "library", "model": "publisher"}}, {"model": "contenttypes.contenttype", "pk": 13, "fields": {"app_label": "library", "model": "subcategory"}}, {"model": "contenttypes.contenttype", "pk": 14, "fields": {"app_label": "django_celery_beat", "model": "crontabschedule"}}, {"model": "contenttypes.contenttype", "pk": 15, "fields": {"app_label": "django_celery_beat", "model": "intervalschedule"}}, {"model": "contenttypes.contenttype", "pk": 16, "fields": {"app_label": "django_celery_beat", "model": "periodictask"}}, {"model": "contenttypes.contenttype", "pk": 17, "fields": {"app_label": "django_celery_beat", "model": "periodictasks"}}, {"model": "contenttypes.contenttype", "pk": 18, "fields": {"app_label": "django_celery_beat", "model": "solarschedule"}}, {"model": "contenttypes.contenttype", "pk": 19, "fields": {"app_label": "django_celery_beat", "model": "clockedschedule"}}, {"model": "contenttypes.contenttype", "pk": 20, "fields": {"app_label": "email_sending", "model": "mailmodel"}}, {"model": "contenttypes.contenttype", "pk": 21, "fields": {"app_label": "django_celery_results", "model": "taskresult"}}, {"model": "contenttypes.contenttype", "pk": 22, "fields": {"app_label": "django_celery_results", "model": "chordcounter"}}, {"model": "sessions.session", "pk": "2ceaspa8nc8sz81g5fcfqq1xi6yjr7nq", "fields": {"session_data": "ODlmYzM0ZmU3YWZmYTAyYTVjYmViZWQ2MDljMTczMjc2NWI0ZjQ3Zjp7fQ==", "expire_date": "2020-11-25T11:59:19.950Z"}}, {"model": "sessions.session", "pk": "5se0t4m9k897th4c2etht9fxgkbztaie", "fields": {"session_data": "ODlmYzM0ZmU3YWZmYTAyYTVjYmViZWQ2MDljMTczMjc2NWI0ZjQ3Zjp7fQ==", "expire_date": "2020-11-25T11:58:56.511Z"}}, {"model": "sessions.session", "pk": "6b5mqer8uwy8lrl1tqe3gwker61fxccp", "fields": {"session_data": "ODljNWU0MzE1ODVkMzIzMjExODVlNWM3M2ViMWYwYzAxOTY3ODNmYzp7Il9hdXRoX3VzZXJfaWQiOiIxIiwiX2F1dGhfdXNlcl9iYWNrZW5kIjoiZGphbmdvLmNvbnRyaWIuYXV0aC5iYWNrZW5kcy5Nb2RlbEJhY2tlbmQiLCJfYXV0aF91c2VyX2hhc2giOiIyYTJlZTMxYjJjODk2NGU1Nzg0MmYzZmUyYTQ2ZDE1ZmZjMWRjMTE2In0=", "expire_date": "2020-12-03T17:46:37.291Z"}}, {"model": "sessions.session", "pk": "8jyqm6ekqmzwv5ewjts3hpd3loscbglx", "fields": {"session_data": "ODlmYzM0ZmU3YWZmYTAyYTVjYmViZWQ2MDljMTczMjc2NWI0ZjQ3Zjp7fQ==", "expire_date": "2020-11-25T11:41:39.478Z"}}, {"model": "sessions.session", "pk": "a945wahndfebrabbvfiql2cbkl43g12g", "fields": {"session_data": "ODlmYzM0ZmU3YWZmYTAyYTVjYmViZWQ2MDljMTczMjc2NWI0ZjQ3Zjp7fQ==", "expire_date": "2020-11-25T11:42:17.356Z"}}, {"model": "sessions.session", "pk": "b26lc17sdrdwjwkbrdmaogxo730bgvlz", "fields": {"session_data": "ODlmYzM0ZmU3YWZmYTAyYTVjYmViZWQ2MDljMTczMjc2NWI0ZjQ3Zjp7fQ==", "expire_date": "2020-11-25T11:38:37.112Z"}}, {"model": "sessions.session", "pk": "ccfpv64xjxu8813ti786yggrzobm8gob", "fields": {"session_data": "ODlmYzM0ZmU3YWZmYTAyYTVjYmViZWQ2MDljMTczMjc2NWI0ZjQ3Zjp7fQ==", "expire_date": "2020-11-25T11:33:14.619Z"}}, {"model": "sessions.session", "pk": "iok1uhd8tsj02yj7eme3rujx8pa4dpiu", "fields": {"session_data": "ODlmYzM0ZmU3YWZmYTAyYTVjYmViZWQ2MDljMTczMjc2NWI0ZjQ3Zjp7fQ==", "expire_date": "2020-11-25T11:02:16.851Z"}}, {"model": "sessions.session", "pk": "jtzh23n984tzd8n0uwis71dcfkrt5pm9", "fields": {"session_data": "ODlmYzM0ZmU3YWZmYTAyYTVjYmViZWQ2MDljMTczMjc2NWI0ZjQ3Zjp7fQ==", "expire_date": "2020-11-25T11:19:53.605Z"}}, {"model": "sessions.session", "pk": "mndnqp8n5fpwud5vo8zdvrqckjftwsc3", "fields": {"session_data": "ODlmYzM0ZmU3YWZmYTAyYTVjYmViZWQ2MDljMTczMjc2NWI0ZjQ3Zjp7fQ==", "expire_date": "2020-11-25T11:28:05.921Z"}}, {"model": "sessions.session", "pk": "pq5yuit6cybcionngsy2qfaf8c4ivd3g", "fields": {"session_data": "ODlmYzM0ZmU3YWZmYTAyYTVjYmViZWQ2MDljMTczMjc2NWI0ZjQ3Zjp7fQ==", "expire_date": "2020-11-25T11:10:28.968Z"}}, {"model": "sessions.session", "pk": "q959pz27wnq7sz4bodrdz6gxv7qbiutm", "fields": {"session_data": "ODlmYzM0ZmU3YWZmYTAyYTVjYmViZWQ2MDljMTczMjc2NWI0ZjQ3Zjp7fQ==", "expire_date": "2020-11-25T11:10:45.480Z"}}, {"model": "sessions.session", "pk": "qhsawzufygrvcszowgj3lz8ayz6s25op", "fields": {"session_data": "ODlmYzM0ZmU3YWZmYTAyYTVjYmViZWQ2MDljMTczMjc2NWI0ZjQ3Zjp7fQ==", "expire_date": "2020-11-25T11:51:18.166Z"}}, {"model": "sessions.session", "pk": "t3ul3rudtl7n4cjwtv40ip39x2simk40", "fields": {"session_data": "ODlmYzM0ZmU3YWZmYTAyYTVjYmViZWQ2MDljMTczMjc2NWI0ZjQ3Zjp7fQ==", "expire_date": "2020-11-23T19:44:23.791Z"}}, {"model": "sessions.session", "pk": "uond41e7q77zyj4ekqr1pbs1t1hr4lnk", "fields": {"session_data": "ODlmYzM0ZmU3YWZmYTAyYTVjYmViZWQ2MDljMTczMjc2NWI0ZjQ3Zjp7fQ==", "expire_date": "2020-11-25T11:51:39.202Z"}}, {"model": "sessions.session", "pk": "ypc6sginawwuzovfkvknvhwuek06jfjy", "fields": {"session_data": "ODlmYzM0ZmU3YWZmYTAyYTVjYmViZWQ2MDljMTczMjc2NWI0ZjQ3Zjp7fQ==", "expire_date": "2020-11-23T19:43:50.022Z"}}, {"model": "django_celery_beat.intervalschedule", "pk": 1, "fields": {"every": 5, "period": "seconds"}}, {"model": "django_celery_beat.periodictasks", "pk": 1, "fields": {"last_update": "2020-11-20T09:43:05.419Z"}}, {"model": "django_celery_results.taskresult", "pk": 7259, "fields": {"task_id": "61c033b7-b661-4b9f-9d53-1fcc09257fcd", "task_name": "email_sending.tasks.add", "task_args": "\"()\"", "task_kwargs": "\"{'x': 10, 'y': 20}\"", "status": "SUCCESS", "worker": "celery@sorin-VirtualBox", "content_type": "application/json", "content_encoding": "utf-8", "result": "30", "date_created": "2020-11-23T06:43:45.515Z", "date_done": "2020-11-23T06:43:45.515Z", "traceback": null, "meta": "{\"children\": []}"}}, {"model": "django_celery_results.taskresult", "pk": 7260, "fields": {"task_id": "562ed979-16bc-4d15-9bfd-91dd16533bbc", "task_name": "email_sending.tasks.show_date_time_task", "task_args": "\"()\"", "task_kwargs": "\"{}\"", "status": "SUCCESS", "worker": "celery@sorin-VirtualBox", "content_type": "application/json", "content_encoding": "utf-8", "result": "\"11/23/20 - 06:43:45\"", "date_created": "2020-11-23T06:43:45.555Z", "date_done": "2020-11-23T06:43:45.556Z", "traceback": null, "meta": "{\"children\": []}"}}, {"model": "django_celery_results.taskresult", "pk": 7261, "fields": {"task_id": "97439a1a-4cf8-49d3-afbb-85da585d0306", "task_name": "email_sending.tasks.show_date_time_task", "task_args": "\"()\"", "task_kwargs": "\"{}\"", "status": "SUCCESS", "worker": "celery@sorin-VirtualBox", "content_type": "application/json", "content_encoding": "utf-8", "result": "\"11/23/20 - 06:45:11\"", "date_created": "2020-11-23T06:45:11.232Z", "date_done": "2020-11-23T06:45:11.233Z", "traceback": null, "meta": "{\"children\": []}"}}, {"model": "django_celery_results.taskresult", "pk": 7262, "fields": {"task_id": "c2db4a37-c49e-48c4-8e4d-e4bc0df3b3cd", "task_name": "email_sending.tasks.add", "task_args": "\"[30, 20]\"", "task_kwargs": "\"{}\"", "status": "SUCCESS", "worker": "celery@sorin-VirtualBox", "content_type": "application/json", "content_encoding": "utf-8", "result": "50", "date_created": "2020-11-23T06:45:11.240Z", "date_done": "2020-11-23T06:45:11.240Z", "traceback": null, "meta": "{\"children\": []}"}}, {"model": "django_celery_results.taskresult", "pk": 7263, "fields": {"task_id": "dc2b6129-9d61-4539-8363-68f6b9c21ca7", "task_name": "email_sending.tasks.show_date_time_task", "task_args": "\"()\"", "task_kwargs": "\"{}\"", "status": "SUCCESS", "worker": "celery@sorin-VirtualBox", "content_type": "application/json", "content_encoding": "utf-8", "result": "\"11/23/20 - 06:45:16\"", "date_created": "2020-11-23T06:45:16.154Z", "date_done": "2020-11-23T06:45:16.154Z", "traceback": null, "meta": "{\"children\": []}"}}, {"model": "django_celery_results.taskresult", "pk": 7264, "fields": {"task_id": "33f3411d-eccc-4710-8180-4b703586e0cf", "task_name": "email_sending.tasks.add", "task_args": "\"[30, 20]\"", "task_kwargs": "\"{}\"", "status": "SUCCESS", "worker": "celery@sorin-VirtualBox", "content_type": "application/json", "content_encoding": "utf-8", "result": "50", "date_created": "2020-11-23T06:45:16.215Z", "date_done": "2020-11-23T06:45:16.215Z", "traceback": null, "meta": "{\"children\": []}"}}, {"model": "django_celery_results.taskresult", "pk": 7265, "fields": {"task_id": "410dff08-c859-4d13-ab8b-34461ade8735", "task_name": "email_sending.tasks.show_date_time_task", "task_args": "\"()\"", "task_kwargs": "\"{}\"", "status": "SUCCESS", "worker": "celery@sorin-VirtualBox", "content_type": "application/json", "content_encoding": "utf-8", "result": "\"11/23/20 - 06:45:21\"", "date_created": "2020-11-23T06:45:21.168Z", "date_done": "2020-11-23T06:45:21.168Z", "traceback": null, "meta": "{\"children\": []}"}}, {"model": "django_celery_results.taskresult", "pk": 7266, "fields": {"task_id": "43b5bc77-345a-4484-9af3-1390f3c9a858", "task_name": "email_sending.tasks.add", "task_args": "\"[30, 20]\"", "task_kwargs": "\"{}\"", "status": "SUCCESS", "worker": "celery@sorin-VirtualBox", "content_type": "application/json", "content_encoding": "utf-8", "result": "50", "date_created": "2020-11-23T06:45:21.229Z", "date_done": "2020-11-23T06:45:21.229Z", "traceback": null, "meta": "{\"children\": []}"}}, {"model": "django_celery_results.taskresult", "pk": 7267, "fields": {"task_id": "fa339e52-fb5d-4e80-a4ac-3c0cb7a98e06", "task_name": "email_sending.tasks.show_date_time_task", "task_args": "\"()\"", "task_kwargs": "\"{}\"", "status": "SUCCESS", "worker": "celery@sorin-VirtualBox", "content_type": "application/json", "content_encoding": "utf-8", "result": "\"11/23/20 - 06:45:26\"", "date_created": "2020-11-23T06:45:26.151Z", "date_done": "2020-11-23T06:45:26.151Z", "traceback": null, "meta": "{\"children\": []}"}}, {"model": "django_celery_results.taskresult", "pk": 7268, "fields": {"task_id": "89e1cf2f-9132-4c9e-a0d7-17c2bf843d07", "task_name": "email_sending.tasks.add", "task_args": "\"[30, 20]\"", "task_kwargs": "\"{}\"", "status": "SUCCESS", "worker": "celery@sorin-VirtualBox", "content_type": "application/json", "content_encoding": "utf-8", "result": "50", "date_created": "2020-11-23T06:45:26.214Z", "date_done": "2020-11-23T06:45:26.215Z", "traceback": null, "meta": "{\"children\": []}"}}, {"model": "django_celery_results.taskresult", "pk": 7269, "fields": {"task_id": "bf790c67-85ac-4735-a87a-690040731995", "task_name": "email_sending.tasks.show_date_time_task", "task_args": "\"()\"", "task_kwargs": "\"{}\"", "status": "SUCCESS", "worker": "celery@sorin-VirtualBox", "content_type": "application/json", "content_encoding": "utf-8", "result": "\"11/23/20 - 06:45:31\"", "date_created": "2020-11-23T06:45:31.151Z", "date_done": "2020-11-23T06:45:31.151Z", "traceback": null, "meta": "{\"children\": []}"}}, {"model": "django_celery_results.taskresult", "pk": 7270, "fields": {"task_id": "6a610922-66be-4086-96eb-1f39bbc5601a", "task_name": "email_sending.tasks.add", "task_args": "\"[30, 20]\"", "task_kwargs": "\"{}\"", "status": "SUCCESS", "worker": "celery@sorin-VirtualBox", "content_type": "application/json", "content_encoding": "utf-8", "result": "50", "date_created": "2020-11-23T06:45:31.219Z", "date_done": "2020-11-23T06:45:31.219Z", "traceback": null, "meta": "{\"children\": []}"}}, {"model": "django_celery_results.taskresult", "pk": 7271, "fields": {"task_id": "76bfdedb-9336-43a7-a82e-ef639a48c713", "task_name": "email_sending.tasks.show_date_time_task", "task_args": "\"()\"", "task_kwargs": "\"{}\"", "status": "SUCCESS", "worker": "celery@sorin-VirtualBox", "content_type": "application/json", "content_encoding": "utf-8", "result": "\"11/23/20 - 06:45:36\"", "date_created": "2020-11-23T06:45:36.151Z", "date_done": "2020-11-23T06:45:36.151Z", "traceback": null, "meta": "{\"children\": []}"}}, {"model": "django_celery_results.taskresult", "pk": 7272, "fields": {"task_id": "0846dc3c-9e14-454b-b6fa-c4c950c6d487", "task_name": "email_sending.tasks.add", "task_args": "\"[30, 20]\"", "task_kwargs": "\"{}\"", "status": "SUCCESS", "worker": "celery@sorin-VirtualBox", "content_type": "application/json", "content_encoding": "utf-8", "result": "50", "date_created": "2020-11-23T06:45:36.218Z", "date_done": "2020-11-23T06:45:36.218Z", "traceback": null, "meta": "{\"children\": []}"}}, {"model": "django_celery_results.taskresult", "pk": 7273, "fields": {"task_id": "2d00cf3e-5b80-4e58-bb5b-0eacff3d4542", "task_name": "email_sending.tasks.show_date_time_task", "task_args": "\"()\"", "task_kwargs": "\"{}\"", "status": "SUCCESS", "worker": "celery@sorin-VirtualBox", "content_type": "application/json", "content_encoding": "utf-8", "result": "\"11/23/20 - 06:45:41\"", "date_created": "2020-11-23T06:45:41.177Z", "date_done": "2020-11-23T06:45:41.177Z", "traceback": null, "meta": "{\"children\": []}"}}, {"model": "django_celery_results.taskresult", "pk": 7274, "fields": {"task_id": "90105f0b-adf1-40ff-a945-3510255383b4", "task_name": "email_sending.tasks.add", "task_args": "\"[30, 20]\"", "task_kwargs": "\"{}\"", "status": "SUCCESS", "worker": "celery@sorin-VirtualBox", "content_type": "application/json", "content_encoding": "utf-8", "result": "50", "date_created": "2020-11-23T06:45:41.228Z", "date_done": "2020-11-23T06:45:41.228Z", "traceback": null, "meta": "{\"children\": []}"}}, {"model": "django_celery_results.taskresult", "pk": 7275, "fields": {"task_id": "8786de6e-240a-4b9f-a45c-c8787c87b1a0", "task_name": "email_sending.tasks.show_date_time_task", "task_args": "\"()\"", "task_kwargs": "\"{}\"", "status": "SUCCESS", "worker": "celery@sorin-VirtualBox", "content_type": "application/json", "content_encoding": "utf-8", "result": "\"11/23/20 - 06:45:46\"", "date_created": "2020-11-23T06:45:46.156Z", "date_done": "2020-11-23T06:45:46.156Z", "traceback": null, "meta": "{\"children\": []}"}}, {"model": "django_celery_results.taskresult", "pk": 7276, "fields": {"task_id": "c5229ec8-575b-46f6-a490-fb67753f8143", "task_name": "email_sending.tasks.add", "task_args": "\"[30, 20]\"", "task_kwargs": "\"{}\"", "status": "SUCCESS", "worker": "celery@sorin-VirtualBox", "content_type": "application/json", "content_encoding": "utf-8", "result": "50", "date_created": "2020-11-23T06:45:46.218Z", "date_done": "2020-11-23T06:45:46.218Z", "traceback": null, "meta": "{\"children\": []}"}}, {"model": "django_celery_results.taskresult", "pk": 7277, "fields": {"task_id": "a84eb949-87be-4257-8034-6abac344c6fd", "task_name": "email_sending.tasks.show_date_time_task", "task_args": "\"()\"", "task_kwargs": "\"{}\"", "status": "SUCCESS", "worker": "celery@sorin-VirtualBox", "content_type": "application/json", "content_encoding": "utf-8", "result": "\"11/23/20 - 06:45:51\"", "date_created": "2020-11-23T06:45:51.157Z", "date_done": "2020-11-23T06:45:51.157Z", "traceback": null, "meta": "{\"children\": []}"}}, {"model": "django_celery_results.taskresult", "pk": 7278, "fields": {"task_id": "d18b6ba1-d450-4008-8525-905c5e712387", "task_name": "email_sending.tasks.add", "task_args": "\"[30, 20]\"", "task_kwargs": "\"{}\"", "status": "SUCCESS", "worker": "celery@sorin-VirtualBox", "content_type": "application/json", "content_encoding": "utf-8", "result": "50", "date_created": "2020-11-23T06:45:51.217Z", "date_done": "2020-11-23T06:45:51.217Z", "traceback": null, "meta": "{\"children\": []}"}}, {"model": "django_celery_results.taskresult", "pk": 7279, "fields": {"task_id": "73b37352-0e74-4a40-a728-9c433999a624", "task_name": "email_sending.tasks.show_date_time_task", "task_args": "\"()\"", "task_kwargs": "\"{}\"", "status": "SUCCESS", "worker": "celery@sorin-VirtualBox", "content_type": "application/json", "content_encoding": "utf-8", "result": "\"11/23/20 - 06:45:56\"", "date_created": "2020-11-23T06:45:56.157Z", "date_done": "2020-11-23T06:45:56.157Z", "traceback": null, "meta": "{\"children\": []}"}}, {"model": "django_celery_results.taskresult", "pk": 7280, "fields": {"task_id": "4bb465c7-76be-425e-9f3b-ca3ee12630a3", "task_name": "email_sending.tasks.add", "task_args": "\"[30, 20]\"", "task_kwargs": "\"{}\"", "status": "SUCCESS", "worker": "celery@sorin-VirtualBox", "content_type": "application/json", "content_encoding": "utf-8", "result": "50", "date_created": "2020-11-23T06:45:56.218Z", "date_done": "2020-11-23T06:45:56.218Z", "traceback": null, "meta": "{\"children\": []}"}}, {"model": "django_celery_results.taskresult", "pk": 7281, "fields": {"task_id": "36d30753-a898-45f9-8105-0cf5f14a9575", "task_name": "email_sending.tasks.show_date_time_task", "task_args": "\"()\"", "task_kwargs": "\"{}\"", "status": "SUCCESS", "worker": "celery@sorin-VirtualBox", "content_type": "application/json", "content_encoding": "utf-8", "result": "\"11/23/20 - 06:46:01\"", "date_created": "2020-11-23T06:46:01.156Z", "date_done": "2020-11-23T06:46:01.156Z", "traceback": null, "meta": "{\"children\": []}"}}, {"model": "django_celery_results.taskresult", "pk": 7282, "fields": {"task_id": "a832b72f-88d1-4ede-8e90-b8d2277c7253", "task_name": "email_sending.tasks.add", "task_args": "\"[30, 20]\"", "task_kwargs": "\"{}\"", "status": "SUCCESS", "worker": "celery@sorin-VirtualBox", "content_type": "application/json", "content_encoding": "utf-8", "result": "50", "date_created": "2020-11-23T06:46:01.220Z", "date_done": "2020-11-23T06:46:01.220Z", "traceback": null, "meta": "{\"children\": []}"}}, {"model": "django_celery_results.taskresult", "pk": 7283, "fields": {"task_id": "173e1e8c-9d66-4727-8176-f8caf47b06a7", "task_name": "email_sending.tasks.show_date_time_task", "task_args": "\"()\"", "task_kwargs": "\"{}\"", "status": "SUCCESS", "worker": "celery@sorin-VirtualBox", "content_type": "application/json", "content_encoding": "utf-8", "result": "\"11/23/20 - 06:46:06\"", "date_created": "2020-11-23T06:46:06.157Z", "date_done": "2020-11-23T06:46:06.157Z", "traceback": null, "meta": "{\"children\": []}"}}, {"model": "django_celery_results.taskresult", "pk": 7284, "fields": {"task_id": "c6fbe7a8-f9bd-41dd-815f-89f4289be5e2", "task_name": "email_sending.tasks.add", "task_args": "\"[30, 20]\"", "task_kwargs": "\"{}\"", "status": "SUCCESS", "worker": "celery@sorin-VirtualBox", "content_type": "application/json", "content_encoding": "utf-8", "result": "50", "date_created": "2020-11-23T06:46:06.218Z", "date_done": "2020-11-23T06:46:06.218Z", "traceback": null, "meta": "{\"children\": []}"}}, {"model": "django_celery_results.taskresult", "pk": 7285, "fields": {"task_id": "d0c16882-c3c3-4e5d-8090-6560dddd7cd9", "task_name": "email_sending.tasks.show_date_time_task", "task_args": "\"()\"", "task_kwargs": "\"{}\"", "status": "SUCCESS", "worker": "celery@sorin-VirtualBox", "content_type": "application/json", "content_encoding": "utf-8", "result": "\"11/23/20 - 06:46:11\"", "date_created": "2020-11-23T06:46:11.159Z", "date_done": "2020-11-23T06:46:11.159Z", "traceback": null, "meta": "{\"children\": []}"}}, {"model": "django_celery_results.taskresult", "pk": 7286, "fields": {"task_id": "cf58285a-b161-4e1c-90bc-d6ff7612286c", "task_name": "email_sending.tasks.add", "task_args": "\"[30, 20]\"", "task_kwargs": "\"{}\"", "status": "SUCCESS", "worker": "celery@sorin-VirtualBox", "content_type": "application/json", "content_encoding": "utf-8", "result": "50", "date_created": "2020-11-23T06:46:11.218Z", "date_done": "2020-11-23T06:46:11.218Z", "traceback": null, "meta": "{\"children\": []}"}}, {"model": "django_celery_results.taskresult", "pk": 7287, "fields": {"task_id": "cd754804-1347-48a6-83c5-57c5a46ddc77", "task_name": "email_sending.tasks.show_date_time_task", "task_args": "\"()\"", "task_kwargs": "\"{}\"", "status": "SUCCESS", "worker": "celery@sorin-VirtualBox", "content_type": "application/json", "content_encoding": "utf-8", "result": "\"11/23/20 - 06:46:16\"", "date_created": "2020-11-23T06:46:16.158Z", "date_done": "2020-11-23T06:46:16.158Z", "traceback": null, "meta": "{\"children\": []}"}}, {"model": "django_celery_results.taskresult", "pk": 7288, "fields": {"task_id": "b3642e13-e9fb-4eda-9ecb-b2f4a7ba2293", "task_name": "email_sending.tasks.add", "task_args": "\"[30, 20]\"", "task_kwargs": "\"{}\"", "status": "SUCCESS", "worker": "celery@sorin-VirtualBox", "content_type": "application/json", "content_encoding": "utf-8", "result": "50", "date_created": "2020-11-23T06:46:16.219Z", "date_done": "2020-11-23T06:46:16.219Z", "traceback": null, "meta": "{\"children\": []}"}}, {"model": "django_celery_results.taskresult", "pk": 7289, "fields": {"task_id": "5280ffe5-dcbd-406e-bf89-243150c7dbc5", "task_name": "email_sending.tasks.show_date_time_task", "task_args": "\"()\"", "task_kwargs": "\"{}\"", "status": "SUCCESS", "worker": "celery@sorin-VirtualBox", "content_type": "application/json", "content_encoding": "utf-8", "result": "\"11/23/20 - 06:46:21\"", "date_created": "2020-11-23T06:46:21.156Z", "date_done": "2020-11-23T06:46:21.156Z", "traceback": null, "meta": "{\"children\": []}"}}, {"model": "django_celery_results.taskresult", "pk": 7290, "fields": {"task_id": "3a83e7f5-f0a3-4c39-8f6c-4ea92d9592b6", "task_name": "email_sending.tasks.add", "task_args": "\"[30, 20]\"", "task_kwargs": "\"{}\"", "status": "SUCCESS", "worker": "celery@sorin-VirtualBox", "content_type": "application/json", "content_encoding": "utf-8", "result": "50", "date_created": "2020-11-23T06:46:21.216Z", "date_done": "2020-11-23T06:46:21.217Z", "traceback": null, "meta": "{\"children\": []}"}}, {"model": "django_celery_results.taskresult", "pk": 7291, "fields": {"task_id": "c6aace97-b090-4e8a-9fc6-350a3f54356c", "task_name": "email_sending.tasks.show_date_time_task", "task_args": "\"()\"", "task_kwargs": "\"{}\"", "status": "SUCCESS", "worker": "celery@sorin-VirtualBox", "content_type": "application/json", "content_encoding": "utf-8", "result": "\"11/23/20 - 06:46:26\"", "date_created": "2020-11-23T06:46:26.159Z", "date_done": "2020-11-23T06:46:26.159Z", "traceback": null, "meta": "{\"children\": []}"}}, {"model": "django_celery_results.taskresult", "pk": 7292, "fields": {"task_id": "88d8d457-47be-4710-9f55-2665249a30aa", "task_name": "email_sending.tasks.add", "task_args": "\"[30, 20]\"", "task_kwargs": "\"{}\"", "status": "SUCCESS", "worker": "celery@sorin-VirtualBox", "content_type": "application/json", "content_encoding": "utf-8", "result": "50", "date_created": "2020-11-23T06:46:26.218Z", "date_done": "2020-11-23T06:46:26.218Z", "traceback": null, "meta": "{\"children\": []}"}}, {"model": "django_celery_results.taskresult", "pk": 7293, "fields": {"task_id": "0406262d-876f-42e3-8da2-cba9a1763abe", "task_name": "email_sending.tasks.show_date_time_task", "task_args": "\"()\"", "task_kwargs": "\"{}\"", "status": "SUCCESS", "worker": "celery@sorin-VirtualBox", "content_type": "application/json", "content_encoding": "utf-8", "result": "\"11/23/20 - 06:46:31\"", "date_created": "2020-11-23T06:46:31.159Z", "date_done": "2020-11-23T06:46:31.159Z", "traceback": null, "meta": "{\"children\": []}"}}, {"model": "django_celery_results.taskresult", "pk": 7294, "fields": {"task_id": "95df434c-d6e8-41bb-b01c-9897e19713fc", "task_name": "email_sending.tasks.add", "task_args": "\"[30, 20]\"", "task_kwargs": "\"{}\"", "status": "SUCCESS", "worker": "celery@sorin-VirtualBox", "content_type": "application/json", "content_encoding": "utf-8", "result": "50", "date_created": "2020-11-23T06:46:31.218Z", "date_done": "2020-11-23T06:46:31.218Z", "traceback": null, "meta": "{\"children\": []}"}}, {"model": "django_celery_results.taskresult", "pk": 7295, "fields": {"task_id": "6956aea6-65db-4734-8600-7155a640c095", "task_name": "email_sending.tasks.show_date_time_task", "task_args": "\"()\"", "task_kwargs": "\"{}\"", "status": "SUCCESS", "worker": "celery@sorin-VirtualBox", "content_type": "application/json", "content_encoding": "utf-8", "result": "\"11/23/20 - 06:46:36\"", "date_created": "2020-11-23T06:46:36.156Z", "date_done": "2020-11-23T06:46:36.156Z", "traceback": null, "meta": "{\"children\": []}"}}, {"model": "django_celery_results.taskresult", "pk": 7296, "fields": {"task_id": "7474e4fc-f3d2-4be8-8727-5055d7c18ae2", "task_name": "email_sending.tasks.add", "task_args": "\"[30, 20]\"", "task_kwargs": "\"{}\"", "status": "SUCCESS", "worker": "celery@sorin-VirtualBox", "content_type": "application/json", "content_encoding": "utf-8", "result": "50", "date_created": "2020-11-23T06:46:36.217Z", "date_done": "2020-11-23T06:46:36.217Z", "traceback": null, "meta": "{\"children\": []}"}}, {"model": "django_celery_results.taskresult", "pk": 7297, "fields": {"task_id": "5a4813f8-3c18-411f-b77c-67268b56fe6f", "task_name": "email_sending.tasks.show_date_time_task", "task_args": "\"()\"", "task_kwargs": "\"{}\"", "status": "SUCCESS", "worker": "celery@sorin-VirtualBox", "content_type": "application/json", "content_encoding": "utf-8", "result": "\"11/23/20 - 06:46:41\"", "date_created": "2020-11-23T06:46:41.167Z", "date_done": "2020-11-23T06:46:41.167Z", "traceback": null, "meta": "{\"children\": []}"}}, {"model": "django_celery_results.taskresult", "pk": 7298, "fields": {"task_id": "f3eb9768-c080-4102-a101-2d2af7233f7c", "task_name": "email_sending.tasks.add", "task_args": "\"[30, 20]\"", "task_kwargs": "\"{}\"", "status": "SUCCESS", "worker": "celery@sorin-VirtualBox", "content_type": "application/json", "content_encoding": "utf-8", "result": "50", "date_created": "2020-11-23T06:46:41.227Z", "date_done": "2020-11-23T06:46:41.227Z", "traceback": null, "meta": "{\"children\": []}"}}, {"model": "django_celery_results.taskresult", "pk": 7299, "fields": {"task_id": "6311ae5a-18d5-4f05-a6a9-9a096ca2efd7", "task_name": "email_sending.tasks.show_date_time_task", "task_args": "\"()\"", "task_kwargs": "\"{}\"", "status": "SUCCESS", "worker": "celery@sorin-VirtualBox", "content_type": "application/json", "content_encoding": "utf-8", "result": "\"11/23/20 - 06:46:46\"", "date_created": "2020-11-23T06:46:46.165Z", "date_done": "2020-11-23T06:46:46.165Z", "traceback": null, "meta": "{\"children\": []}"}}, {"model": "django_celery_results.taskresult", "pk": 7300, "fields": {"task_id": "0ad46cb4-51fc-433a-bbdc-9a10518df95b", "task_name": "email_sending.tasks.add", "task_args": "\"[30, 20]\"", "task_kwargs": "\"{}\"", "status": "SUCCESS", "worker": "celery@sorin-VirtualBox", "content_type": "application/json", "content_encoding": "utf-8", "result": "50", "date_created": "2020-11-23T06:46:46.228Z", "date_done": "2020-11-23T06:46:46.228Z", "traceback": null, "meta": "{\"children\": []}"}}, {"model": "django_celery_results.taskresult", "pk": 7301, "fields": {"task_id": "2ae3563b-8d3b-4754-8bd2-5c29da8d0547", "task_name": "email_sending.tasks.show_date_time_task", "task_args": "\"()\"", "task_kwargs": "\"{}\"", "status": "SUCCESS", "worker": "celery@sorin-VirtualBox", "content_type": "application/json", "content_encoding": "utf-8", "result": "\"11/23/20 - 06:46:51\"", "date_created": "2020-11-23T06:46:51.169Z", "date_done": "2020-11-23T06:46:51.169Z", "traceback": null, "meta": "{\"children\": []}"}}, {"model": "django_celery_results.taskresult", "pk": 7302, "fields": {"task_id": "7cf43e04-27ff-4d69-8f77-d40801ab557f", "task_name": "email_sending.tasks.add", "task_args": "\"[30, 20]\"", "task_kwargs": "\"{}\"", "status": "SUCCESS", "worker": "celery@sorin-VirtualBox", "content_type": "application/json", "content_encoding": "utf-8", "result": "50", "date_created": "2020-11-23T06:46:51.232Z", "date_done": "2020-11-23T06:46:51.232Z", "traceback": null, "meta": "{\"children\": []}"}}, {"model": "django_celery_results.taskresult", "pk": 7303, "fields": {"task_id": "00ef5471-6096-4ca4-8a05-848c56cc1a19", "task_name": "email_sending.tasks.show_date_time_task", "task_args": "\"()\"", "task_kwargs": "\"{}\"", "status": "SUCCESS", "worker": "celery@sorin-VirtualBox", "content_type": "application/json", "content_encoding": "utf-8", "result": "\"11/23/20 - 06:46:56\"", "date_created": "2020-11-23T06:46:56.167Z", "date_done": "2020-11-23T06:46:56.167Z", "traceback": null, "meta": "{\"children\": []}"}}, {"model": "django_celery_results.taskresult", "pk": 7304, "fields": {"task_id": "66dd5406-f244-47a0-a1ee-d23e40d2ba06", "task_name": "email_sending.tasks.add", "task_args": "\"[30, 20]\"", "task_kwargs": "\"{}\"", "status": "SUCCESS", "worker": "celery@sorin-VirtualBox", "content_type": "application/json", "content_encoding": "utf-8", "result": "50", "date_created": "2020-11-23T06:46:56.237Z", "date_done": "2020-11-23T06:46:56.237Z", "traceback": null, "meta": "{\"children\": []}"}}, {"model": "django_celery_results.taskresult", "pk": 7305, "fields": {"task_id": "6c2e8fb7-cad0-41d1-a4e5-bf55cd3842d3", "task_name": "email_sending.tasks.show_date_time_task", "task_args": "\"()\"", "task_kwargs": "\"{}\"", "status": "SUCCESS", "worker": "celery@sorin-VirtualBox", "content_type": "application/json", "content_encoding": "utf-8", "result": "\"11/23/20 - 06:47:01\"", "date_created": "2020-11-23T06:47:01.173Z", "date_done": "2020-11-23T06:47:01.173Z", "traceback": null, "meta": "{\"children\": []}"}}, {"model": "django_celery_results.taskresult", "pk": 7306, "fields": {"task_id": "1667dc4a-767e-4d85-a417-61326ad412b9", "task_name": "email_sending.tasks.add", "task_args": "\"[30, 20]\"", "task_kwargs": "\"{}\"", "status": "SUCCESS", "worker": "celery@sorin-VirtualBox", "content_type": "application/json", "content_encoding": "utf-8", "result": "50", "date_created": "2020-11-23T06:47:01.245Z", "date_done": "2020-11-23T06:47:01.245Z", "traceback": null, "meta": "{\"children\": []}"}}, {"model": "django_celery_results.taskresult", "pk": 7307, "fields": {"task_id": "8db384f7-7444-412c-a336-ca0054779b3e", "task_name": "email_sending.tasks.show_date_time_task", "task_args": "\"()\"", "task_kwargs": "\"{}\"", "status": "SUCCESS", "worker": "celery@sorin-VirtualBox", "content_type": "application/json", "content_encoding": "utf-8", "result": "\"11/23/20 - 06:47:06\"", "date_created": "2020-11-23T06:47:06.160Z", "date_done": "2020-11-23T06:47:06.160Z", "traceback": null, "meta": "{\"children\": []}"}}, {"model": "django_celery_results.taskresult", "pk": 7308, "fields": {"task_id": "9c1508dd-ab4f-4d88-98bf-011c63848680", "task_name": "email_sending.tasks.add", "task_args": "\"[30, 20]\"", "task_kwargs": "\"{}\"", "status": "SUCCESS", "worker": "celery@sorin-VirtualBox", "content_type": "application/json", "content_encoding": "utf-8", "result": "50", "date_created": "2020-11-23T06:47:06.230Z", "date_done": "2020-11-23T06:47:06.230Z", "traceback": null, "meta": "{\"children\": []}"}}, {"model": "django_celery_results.taskresult", "pk": 7309, "fields": {"task_id": "63e06224-e401-4d4a-a9aa-1d1a4f337947", "task_name": "email_sending.tasks.show_date_time_task", "task_args": "\"()\"", "task_kwargs": "\"{}\"", "status": "SUCCESS", "worker": "celery@sorin-VirtualBox", "content_type": "application/json", "content_encoding": "utf-8", "result": "\"11/23/20 - 06:47:11\"", "date_created": "2020-11-23T06:47:11.161Z", "date_done": "2020-11-23T06:47:11.161Z", "traceback": null, "meta": "{\"children\": []}"}}, {"model": "django_celery_results.taskresult", "pk": 7310, "fields": {"task_id": "6d873807-a26c-4f63-90d9-1d0d0f1ce142", "task_name": "email_sending.tasks.add", "task_args": "\"[30, 20]\"", "task_kwargs": "\"{}\"", "status": "SUCCESS", "worker": "celery@sorin-VirtualBox", "content_type": "application/json", "content_encoding": "utf-8", "result": "50", "date_created": "2020-11-23T06:47:11.241Z", "date_done": "2020-11-23T06:47:11.241Z", "traceback": null, "meta": "{\"children\": []}"}}, {"model": "django_celery_results.taskresult", "pk": 7311, "fields": {"task_id": "eaa9cd3b-9bcb-41e9-b2af-97b616c6c517", "task_name": "email_sending.tasks.show_date_time_task", "task_args": "\"()\"", "task_kwargs": "\"{}\"", "status": "SUCCESS", "worker": "celery@sorin-VirtualBox", "content_type": "application/json", "content_encoding": "utf-8", "result": "\"11/23/20 - 06:47:16\"", "date_created": "2020-11-23T06:47:16.162Z", "date_done": "2020-11-23T06:47:16.162Z", "traceback": null, "meta": "{\"children\": []}"}}, {"model": "django_celery_results.taskresult", "pk": 7312, "fields": {"task_id": "274cca6a-4054-4bb3-888e-a8d38caff34f", "task_name": "email_sending.tasks.add", "task_args": "\"[30, 20]\"", "task_kwargs": "\"{}\"", "status": "SUCCESS", "worker": "celery@sorin-VirtualBox", "content_type": "application/json", "content_encoding": "utf-8", "result": "50", "date_created": "2020-11-23T06:47:16.240Z", "date_done": "2020-11-23T06:47:16.241Z", "traceback": null, "meta": "{\"children\": []}"}}, {"model": "django_celery_results.taskresult", "pk": 7313, "fields": {"task_id": "2d3bf5fe-2b3b-4aa2-b7ec-59254ce36aee", "task_name": "email_sending.tasks.show_date_time_task", "task_args": "\"()\"", "task_kwargs": "\"{}\"", "status": "SUCCESS", "worker": "celery@sorin-VirtualBox", "content_type": "application/json", "content_encoding": "utf-8", "result": "\"11/23/20 - 06:47:21\"", "date_created": "2020-11-23T06:47:21.190Z", "date_done": "2020-11-23T06:47:21.190Z", "traceback": null, "meta": "{\"children\": []}"}}, {"model": "django_celery_results.taskresult", "pk": 7314, "fields": {"task_id": "e8053353-774b-41f3-9e42-107cd04a1681", "task_name": "email_sending.tasks.add", "task_args": "\"[30, 20]\"", "task_kwargs": "\"{}\"", "status": "SUCCESS", "worker": "celery@sorin-VirtualBox", "content_type": "application/json", "content_encoding": "utf-8", "result": "50", "date_created": "2020-11-23T06:47:21.265Z", "date_done": "2020-11-23T06:47:21.266Z", "traceback": null, "meta": "{\"children\": []}"}}, {"model": "django_celery_results.taskresult", "pk": 7315, "fields": {"task_id": "d465058b-a944-4ec4-b320-dd4aa6f79028", "task_name": "email_sending.tasks.show_date_time_task", "task_args": "\"()\"", "task_kwargs": "\"{}\"", "status": "SUCCESS", "worker": "celery@sorin-VirtualBox", "content_type": "application/json", "content_encoding": "utf-8", "result": "\"11/23/20 - 06:47:26\"", "date_created": "2020-11-23T06:47:26.165Z", "date_done": "2020-11-23T06:47:26.165Z", "traceback": null, "meta": "{\"children\": []}"}}, {"model": "django_celery_results.taskresult", "pk": 7316, "fields": {"task_id": "c5b707be-668d-4a7c-9326-25a52a3bdeb5", "task_name": "email_sending.tasks.add", "task_args": "\"[30, 20]\"", "task_kwargs": "\"{}\"", "status": "SUCCESS", "worker": "celery@sorin-VirtualBox", "content_type": "application/json", "content_encoding": "utf-8", "result": "50", "date_created": "2020-11-23T06:47:26.280Z", "date_done": "2020-11-23T06:47:26.280Z", "traceback": null, "meta": "{\"children\": []}"}}, {"model": "django_celery_results.taskresult", "pk": 7317, "fields": {"task_id": "f9806b9e-90ae-408e-a600-2c3dbe054aa7", "task_name": "email_sending.tasks.show_date_time_task", "task_args": "\"()\"", "task_kwargs": "\"{}\"", "status": "SUCCESS", "worker": "celery@sorin-VirtualBox", "content_type": "application/json", "content_encoding": "utf-8", "result": "\"11/23/20 - 06:47:31\"", "date_created": "2020-11-23T06:47:31.167Z", "date_done": "2020-11-23T06:47:31.168Z", "traceback": null, "meta": "{\"children\": []}"}}, {"model": "django_celery_results.taskresult", "pk": 7318, "fields": {"task_id": "db8f8c41-2f16-4c4a-ac5b-298358077446", "task_name": "email_sending.tasks.add", "task_args": "\"[30, 20]\"", "task_kwargs": "\"{}\"", "status": "SUCCESS", "worker": "celery@sorin-VirtualBox", "content_type": "application/json", "content_encoding": "utf-8", "result": "50", "date_created": "2020-11-23T06:47:31.248Z", "date_done": "2020-11-23T06:47:31.248Z", "traceback": null, "meta": "{\"children\": []}"}}, {"model": "django_celery_results.taskresult", "pk": 7319, "fields": {"task_id": "affefb54-cb63-4991-8e98-21992d437647", "task_name": "email_sending.tasks.show_date_time_task", "task_args": "\"()\"", "task_kwargs": "\"{}\"", "status": "SUCCESS", "worker": "celery@sorin-VirtualBox", "content_type": "application/json", "content_encoding": "utf-8", "result": "\"11/23/20 - 06:47:36\"", "date_created": "2020-11-23T06:47:36.162Z", "date_done": "2020-11-23T06:47:36.162Z", "traceback": null, "meta": "{\"children\": []}"}}, {"model": "django_celery_results.taskresult", "pk": 7320, "fields": {"task_id": "9d5848ab-f674-4335-b83c-7e8decc60ea4", "task_name": "email_sending.tasks.add", "task_args": "\"[30, 20]\"", "task_kwargs": "\"{}\"", "status": "SUCCESS", "worker": "celery@sorin-VirtualBox", "content_type": "application/json", "content_encoding": "utf-8", "result": "50", "date_created": "2020-11-23T06:47:36.247Z", "date_done": "2020-11-23T06:47:36.247Z", "traceback": null, "meta": "{\"children\": []}"}}, {"model": "django_celery_results.taskresult", "pk": 7321, "fields": {"task_id": "1473728c-f14a-48d0-b6c8-0a070af1b42d", "task_name": "email_sending.tasks.send_email_task", "task_args": "\"()\"", "task_kwargs": "\"{'subject': 'First mail', 'message': 'test test', 'from_mail': 'testmailadres1919@gmail.com', 'to_mail': 'azan9@puttingpv.com'}\"", "status": "SUCCESS", "worker": "celery@sorin-VirtualBox", "content_type": "application/json", "content_encoding": "utf-8", "result": "null", "date_created": "2020-11-23T06:47:39.349Z", "date_done": "2020-11-23T06:47:39.349Z", "traceback": null, "meta": "{\"children\": []}"}}, {"model": "django_celery_results.taskresult", "pk": 7322, "fields": {"task_id": "94c54961-58b0-4ef1-bfe1-f57d0fe5c1bd", "task_name": "email_sending.tasks.show_date_time_task", "task_args": "\"()\"", "task_kwargs": "\"{}\"", "status": "SUCCESS", "worker": "celery@sorin-VirtualBox", "content_type": "application/json", "content_encoding": "utf-8", "result": "\"11/23/20 - 06:47:41\"", "date_created": "2020-11-23T06:47:41.179Z", "date_done": "2020-11-23T06:47:41.179Z", "traceback": null, "meta": "{\"children\": []}"}}, {"model": "django_celery_results.taskresult", "pk": 7323, "fields": {"task_id": "ee9ec6ae-0266-478d-8bcb-dea0e06d3095", "task_name": "email_sending.tasks.add", "task_args": "\"[30, 20]\"", "task_kwargs": "\"{}\"", "status": "SUCCESS", "worker": "celery@sorin-VirtualBox", "content_type": "application/json", "content_encoding": "utf-8", "result": "50", "date_created": "2020-11-23T06:47:41.265Z", "date_done": "2020-11-23T06:47:41.265Z", "traceback": null, "meta": "{\"children\": []}"}}, {"model": "django_celery_results.taskresult", "pk": 7324, "fields": {"task_id": "b0e00920-1f16-4fd4-9f13-a43d8aa65571", "task_name": "email_sending.tasks.show_date_time_task", "task_args": "\"()\"", "task_kwargs": "\"{}\"", "status": "SUCCESS", "worker": "celery@sorin-VirtualBox", "content_type": "application/json", "content_encoding": "utf-8", "result": "\"11/23/20 - 06:47:46\"", "date_created": "2020-11-23T06:47:46.173Z", "date_done": "2020-11-23T06:47:46.173Z", "traceback": null, "meta": "{\"children\": []}"}}, {"model": "django_celery_results.taskresult", "pk": 7325, "fields": {"task_id": "3218d79c-d99b-4113-9a65-bf0d44243554", "task_name": "email_sending.tasks.add", "task_args": "\"[30, 20]\"", "task_kwargs": "\"{}\"", "status": "SUCCESS", "worker": "celery@sorin-VirtualBox", "content_type": "application/json", "content_encoding": "utf-8", "result": "50", "date_created": "2020-11-23T06:47:46.257Z", "date_done": "2020-11-23T06:47:46.257Z", "traceback": null, "meta": "{\"children\": []}"}}, {"model": "django_celery_results.taskresult", "pk": 7326, "fields": {"task_id": "87b4afd2-c3bc-46f5-a2ea-51c87ecf7516", "task_name": "email_sending.tasks.show_date_time_task", "task_args": "\"()\"", "task_kwargs": "\"{}\"", "status": "SUCCESS", "worker": "celery@sorin-VirtualBox", "content_type": "application/json", "content_encoding": "utf-8", "result": "\"11/23/20 - 06:47:51\"", "date_created": "2020-11-23T06:47:51.167Z", "date_done": "2020-11-23T06:47:51.167Z", "traceback": null, "meta": "{\"children\": []}"}}, {"model": "django_celery_results.taskresult", "pk": 7327, "fields": {"task_id": "5f4802f4-c1aa-4362-b8e9-92d02b33dddb", "task_name": "email_sending.tasks.add", "task_args": "\"[30, 20]\"", "task_kwargs": "\"{}\"", "status": "SUCCESS", "worker": "celery@sorin-VirtualBox", "content_type": "application/json", "content_encoding": "utf-8", "result": "50", "date_created": "2020-11-23T06:47:51.252Z", "date_done": "2020-11-23T06:47:51.252Z", "traceback": null, "meta": "{\"children\": []}"}}, {"model": "django_celery_results.taskresult", "pk": 7328, "fields": {"task_id": "84000656-2c67-47d7-ac65-caa42d9e119e", "task_name": "email_sending.tasks.show_date_time_task", "task_args": "\"()\"", "task_kwargs": "\"{}\"", "status": "SUCCESS", "worker": "celery@sorin-VirtualBox", "content_type": "application/json", "content_encoding": "utf-8", "result": "\"11/23/20 - 06:47:56\"", "date_created": "2020-11-23T06:47:56.161Z", "date_done": "2020-11-23T06:47:56.161Z", "traceback": null, "meta": "{\"children\": []}"}}, {"model": "django_celery_results.taskresult", "pk": 7329, "fields": {"task_id": "48ecb3ce-0c3a-47f2-9964-86936a588dc8", "task_name": "email_sending.tasks.add", "task_args": "\"[30, 20]\"", "task_kwargs": "\"{}\"", "status": "SUCCESS", "worker": "celery@sorin-VirtualBox", "content_type": "application/json", "content_encoding": "utf-8", "result": "50", "date_created": "2020-11-23T06:47:56.253Z", "date_done": "2020-11-23T06:47:56.254Z", "traceback": null, "meta": "{\"children\": []}"}}, {"model": "django_celery_results.taskresult", "pk": 7330, "fields": {"task_id": "24206fac-809c-4329-9815-fea0922fdda7", "task_name": "email_sending.tasks.show_date_time_task", "task_args": "\"()\"", "task_kwargs": "\"{}\"", "status": "SUCCESS", "worker": "celery@sorin-VirtualBox", "content_type": "application/json", "content_encoding": "utf-8", "result": "\"11/23/20 - 06:48:01\"", "date_created": "2020-11-23T06:48:01.166Z", "date_done": "2020-11-23T06:48:01.166Z", "traceback": null, "meta": "{\"children\": []}"}}, {"model": "django_celery_results.taskresult", "pk": 7331, "fields": {"task_id": "1d444389-45ee-4878-b2ad-7bfb9d8950c3", "task_name": "email_sending.tasks.add", "task_args": "\"[30, 20]\"", "task_kwargs": "\"{}\"", "status": "SUCCESS", "worker": "celery@sorin-VirtualBox", "content_type": "application/json", "content_encoding": "utf-8", "result": "50", "date_created": "2020-11-23T06:48:01.259Z", "date_done": "2020-11-23T06:48:01.259Z", "traceback": null, "meta": "{\"children\": []}"}}, {"model": "django_celery_results.taskresult", "pk": 7332, "fields": {"task_id": "d292c730-c9ff-4800-8bb6-c43e7e4aed21", "task_name": "email_sending.tasks.show_date_time_task", "task_args": "\"()\"", "task_kwargs": "\"{}\"", "status": "SUCCESS", "worker": "celery@sorin-VirtualBox", "content_type": "application/json", "content_encoding": "utf-8", "result": "\"11/23/20 - 06:48:06\"", "date_created": "2020-11-23T06:48:06.174Z", "date_done": "2020-11-23T06:48:06.174Z", "traceback": null, "meta": "{\"children\": []}"}}, {"model": "django_celery_results.taskresult", "pk": 7333, "fields": {"task_id": "14dda1db-1002-4771-a009-d10c49f8bfa8", "task_name": "email_sending.tasks.add", "task_args": "\"[30, 20]\"", "task_kwargs": "\"{}\"", "status": "SUCCESS", "worker": "celery@sorin-VirtualBox", "content_type": "application/json", "content_encoding": "utf-8", "result": "50", "date_created": "2020-11-23T06:48:06.263Z", "date_done": "2020-11-23T06:48:06.263Z", "traceback": null, "meta": "{\"children\": []}"}}, {"model": "django_celery_results.taskresult", "pk": 7334, "fields": {"task_id": "03dcdd8b-257a-4589-abe7-af8e32b201e3", "task_name": "email_sending.tasks.show_date_time_task", "task_args": "\"()\"", "task_kwargs": "\"{}\"", "status": "SUCCESS", "worker": "celery@sorin-VirtualBox", "content_type": "application/json", "content_encoding": "utf-8", "result": "\"11/23/20 - 06:48:11\"", "date_created": "2020-11-23T06:48:11.176Z", "date_done": "2020-11-23T06:48:11.176Z", "traceback": null, "meta": "{\"children\": []}"}}, {"model": "django_celery_results.taskresult", "pk": 7335, "fields": {"task_id": "063ace9a-2d50-48e7-8b1a-d7ed579054db", "task_name": "email_sending.tasks.add", "task_args": "\"[30, 20]\"", "task_kwargs": "\"{}\"", "status": "SUCCESS", "worker": "celery@sorin-VirtualBox", "content_type": "application/json", "content_encoding": "utf-8", "result": "50", "date_created": "2020-11-23T06:48:11.264Z", "date_done": "2020-11-23T06:48:11.264Z", "traceback": null, "meta": "{\"children\": []}"}}, {"model": "django_celery_results.taskresult", "pk": 7336, "fields": {"task_id": "ae5fa781-693c-4517-9af7-ead464cf005e", "task_name": "email_sending.tasks.show_date_time_task", "task_args": "\"()\"", "task_kwargs": "\"{}\"", "status": "SUCCESS", "worker": "celery@sorin-VirtualBox", "content_type": "application/json", "content_encoding": "utf-8", "result": "\"11/23/20 - 06:48:16\"", "date_created": "2020-11-23T06:48:16.222Z", "date_done": "2020-11-23T06:48:16.222Z", "traceback": null, "meta": "{\"children\": []}"}}, {"model": "django_celery_results.taskresult", "pk": 7337, "fields": {"task_id": "53e37ca2-fe7e-4781-920b-be79acd9d5f1", "task_name": "email_sending.tasks.add", "task_args": "\"[30, 20]\"", "task_kwargs": "\"{}\"", "status": "SUCCESS", "worker": "celery@sorin-VirtualBox", "content_type": "application/json", "content_encoding": "utf-8", "result": "50", "date_created": "2020-11-23T06:48:16.271Z", "date_done": "2020-11-23T06:48:16.271Z", "traceback": null, "meta": "{\"children\": []}"}}, {"model": "django_celery_results.taskresult", "pk": 7338, "fields": {"task_id": "7fdbee2e-3dcc-4bfd-a0a1-895dcc2815de", "task_name": "email_sending.tasks.show_date_time_task", "task_args": "\"()\"", "task_kwargs": "\"{}\"", "status": "SUCCESS", "worker": "celery@sorin-VirtualBox", "content_type": "application/json", "content_encoding": "utf-8", "result": "\"11/23/20 - 06:48:21\"", "date_created": "2020-11-23T06:48:21.163Z", "date_done": "2020-11-23T06:48:21.163Z", "traceback": null, "meta": "{\"children\": []}"}}, {"model": "django_celery_results.taskresult", "pk": 7339, "fields": {"task_id": "9ad7c3e5-715c-4d81-a136-27694e01ec32", "task_name": "email_sending.tasks.add", "task_args": "\"[30, 20]\"", "task_kwargs": "\"{}\"", "status": "SUCCESS", "worker": "celery@sorin-VirtualBox", "content_type": "application/json", "content_encoding": "utf-8", "result": "50", "date_created": "2020-11-23T06:48:21.259Z", "date_done": "2020-11-23T06:48:21.259Z", "traceback": null, "meta": "{\"children\": []}"}}, {"model": "auth.permission", "pk": 1, "fields": {"name": "Can add log entry", "content_type": 1, "codename": "add_logentry"}}, {"model": "auth.permission", "pk": 2, "fields": {"name": "Can change log entry", "content_type": 1, "codename": "change_logentry"}}, {"model": "auth.permission", "pk": 3, "fields": {"name": "Can delete log entry", "content_type": 1, "codename": "delete_logentry"}}, {"model": "auth.permission", "pk": 4, "fields": {"name": "Can view log entry", "content_type": 1, "codename": "view_logentry"}}, {"model": "auth.permission", "pk": 5, "fields": {"name": "Can add permission", "content_type": 2, "codename": "add_permission"}}, {"model": "auth.permission", "pk": 6, "fields": {"name": "Can change permission", "content_type": 2, "codename": "change_permission"}}, {"model": "auth.permission", "pk": 7, "fields": {"name": "Can delete permission", "content_type": 2, "codename": "delete_permission"}}, {"model": "auth.permission", "pk": 8, "fields": {"name": "Can view permission", "content_type": 2, "codename": "view_permission"}}, {"model": "auth.permission", "pk": 9, "fields": {"name": "Can add group", "content_type": 3, "codename": "add_group"}}, {"model": "auth.permission", "pk": 10, "fields": {"name": "Can change group", "content_type": 3, "codename": "change_group"}}, {"model": "auth.permission", "pk": 11, "fields": {"name": "Can delete group", "content_type": 3, "codename": "delete_group"}}, {"model": "auth.permission", "pk": 12, "fields": {"name": "Can view group", "content_type": 3, "codename": "view_group"}}, {"model": "auth.permission", "pk": 13, "fields": {"name": "Can add user", "content_type": 4, "codename": "add_user"}}, {"model": "auth.permission", "pk": 14, "fields": {"name": "Can change user", "content_type": 4, "codename": "change_user"}}, {"model": "auth.permission", "pk": 15, "fields": {"name": "Can delete user", "content_type": 4, "codename": "delete_user"}}, {"model": "auth.permission", "pk": 16, "fields": {"name": "Can view user", "content_type": 4, "codename": "view_user"}}, {"model": "auth.permission", "pk": 17, "fields": {"name": "Can add content type", "content_type": 5, "codename": "add_contenttype"}}, {"model": "auth.permission", "pk": 18, "fields": {"name": "Can change content type", "content_type": 5, "codename": "change_contenttype"}}, {"model": "auth.permission", "pk": 19, "fields": {"name": "Can delete content type", "content_type": 5, "codename": "delete_contenttype"}}, {"model": "auth.permission", "pk": 20, "fields": {"name": "Can view content type", "content_type": 5, "codename": "view_contenttype"}}, {"model": "auth.permission", "pk": 21, "fields": {"name": "Can add session", "content_type": 6, "codename": "add_session"}}, {"model": "auth.permission", "pk": 22, "fields": {"name": "Can change session", "content_type": 6, "codename": "change_session"}}, {"model": "auth.permission", "pk": 23, "fields": {"name": "Can delete session", "content_type": 6, "codename": "delete_session"}}, {"model": "auth.permission", "pk": 24, "fields": {"name": "Can view session", "content_type": 6, "codename": "view_session"}}, {"model": "auth.permission", "pk": 25, "fields": {"name": "Can add my model", "content_type": 7, "codename": "add_mymodel"}}, {"model": "auth.permission", "pk": 26, "fields": {"name": "Can change my model", "content_type": 7, "codename": "change_mymodel"}}, {"model": "auth.permission", "pk": 27, "fields": {"name": "Can delete my model", "content_type": 7, "codename": "delete_mymodel"}}, {"model": "auth.permission", "pk": 28, "fields": {"name": "Can view my model", "content_type": 7, "codename": "view_mymodel"}}, {"model": "auth.permission", "pk": 29, "fields": {"name": "Can add other roles", "content_type": 8, "codename": "add_otherroles"}}, {"model": "auth.permission", "pk": 30, "fields": {"name": "Can change other roles", "content_type": 8, "codename": "change_otherroles"}}, {"model": "auth.permission", "pk": 31, "fields": {"name": "Can delete other roles", "content_type": 8, "codename": "delete_otherroles"}}, {"model": "auth.permission", "pk": 32, "fields": {"name": "Can view other roles", "content_type": 8, "codename": "view_otherroles"}}, {"model": "auth.permission", "pk": 33, "fields": {"name": "Can add book", "content_type": 9, "codename": "add_book"}}, {"model": "auth.permission", "pk": 34, "fields": {"name": "Can change book", "content_type": 9, "codename": "change_book"}}, {"model": "auth.permission", "pk": 35, "fields": {"name": "Can delete book", "content_type": 9, "codename": "delete_book"}}, {"model": "auth.permission", "pk": 36, "fields": {"name": "Can view book", "content_type": 9, "codename": "view_book"}}, {"model": "auth.permission", "pk": 37, "fields": {"name": "Can add published book", "content_type": 10, "codename": "add_publishedbook"}}, {"model": "auth.permission", "pk": 38, "fields": {"name": "Can change published book", "content_type": 10, "codename": "change_publishedbook"}}, {"model": "auth.permission", "pk": 39, "fields": {"name": "Can delete published book", "content_type": 10, "codename": "delete_publishedbook"}}, {"model": "auth.permission", "pk": 40, "fields": {"name": "Can view published book", "content_type": 10, "codename": "view_publishedbook"}}, {"model": "auth.permission", "pk": 41, "fields": {"name": "Can add category", "content_type": 11, "codename": "add_category"}}, {"model": "auth.permission", "pk": 42, "fields": {"name": "Can change category", "content_type": 11, "codename": "change_category"}}, {"model": "auth.permission", "pk": 43, "fields": {"name": "Can delete category", "content_type": 11, "codename": "delete_category"}}, {"model": "auth.permission", "pk": 44, "fields": {"name": "Can view category", "content_type": 11, "codename": "view_category"}}, {"model": "auth.permission", "pk": 45, "fields": {"name": "Can add publisher", "content_type": 12, "codename": "add_publisher"}}, {"model": "auth.permission", "pk": 46, "fields": {"name": "Can change publisher", "content_type": 12, "codename": "change_publisher"}}, {"model": "auth.permission", "pk": 47, "fields": {"name": "Can delete publisher", "content_type": 12, "codename": "delete_publisher"}}, {"model": "auth.permission", "pk": 48, "fields": {"name": "Can view publisher", "content_type": 12, "codename": "view_publisher"}}, {"model": "auth.permission", "pk": 49, "fields": {"name": "Can add subcategory", "content_type": 13, "codename": "add_subcategory"}}, {"model": "auth.permission", "pk": 50, "fields": {"name": "Can change subcategory", "content_type": 13, "codename": "change_subcategory"}}, {"model": "auth.permission", "pk": 51, "fields": {"name": "Can delete subcategory", "content_type": 13, "codename": "delete_subcategory"}}, {"model": "auth.permission", "pk": 52, "fields": {"name": "Can view subcategory", "content_type": 13, "codename": "view_subcategory"}}, {"model": "auth.permission", "pk": 53, "fields": {"name": "Can add crontab", "content_type": 14, "codename": "add_crontabschedule"}}, {"model": "auth.permission", "pk": 54, "fields": {"name": "Can change crontab", "content_type": 14, "codename": "change_crontabschedule"}}, {"model": "auth.permission", "pk": 55, "fields": {"name": "Can delete crontab", "content_type": 14, "codename": "delete_crontabschedule"}}, {"model": "auth.permission", "pk": 56, "fields": {"name": "Can view crontab", "content_type": 14, "codename": "view_crontabschedule"}}, {"model": "auth.permission", "pk": 57, "fields": {"name": "Can add interval", "content_type": 15, "codename": "add_intervalschedule"}}, {"model": "auth.permission", "pk": 58, "fields": {"name": "Can change interval", "content_type": 15, "codename": "change_intervalschedule"}}, {"model": "auth.permission", "pk": 59, "fields": {"name": "Can delete interval", "content_type": 15, "codename": "delete_intervalschedule"}}, {"model": "auth.permission", "pk": 60, "fields": {"name": "Can view interval", "content_type": 15, "codename": "view_intervalschedule"}}, {"model": "auth.permission", "pk": 61, "fields": {"name": "Can add periodic task", "content_type": 16, "codename": "add_periodictask"}}, {"model": "auth.permission", "pk": 62, "fields": {"name": "Can change periodic task", "content_type": 16, "codename": "change_periodictask"}}, {"model": "auth.permission", "pk": 63, "fields": {"name": "Can delete periodic task", "content_type": 16, "codename": "delete_periodictask"}}, {"model": "auth.permission", "pk": 64, "fields": {"name": "Can view periodic task", "content_type": 16, "codename": "view_periodictask"}}, {"model": "auth.permission", "pk": 65, "fields": {"name": "Can add periodic tasks", "content_type": 17, "codename": "add_periodictasks"}}, {"model": "auth.permission", "pk": 66, "fields": {"name": "Can change periodic tasks", "content_type": 17, "codename": "change_periodictasks"}}, {"model": "auth.permission", "pk": 67, "fields": {"name": "Can delete periodic tasks", "content_type": 17, "codename": "delete_periodictasks"}}, {"model": "auth.permission", "pk": 68, "fields": {"name": "Can view periodic tasks", "content_type": 17, "codename": "view_periodictasks"}}, {"model": "auth.permission", "pk": 69, "fields": {"name": "Can add solar event", "content_type": 18, "codename": "add_solarschedule"}}, {"model": "auth.permission", "pk": 70, "fields": {"name": "Can change solar event", "content_type": 18, "codename": "change_solarschedule"}}, {"model": "auth.permission", "pk": 71, "fields": {"name": "Can delete solar event", "content_type": 18, "codename": "delete_solarschedule"}}, {"model": "auth.permission", "pk": 72, "fields": {"name": "Can view solar event", "content_type": 18, "codename": "view_solarschedule"}}, {"model": "auth.permission", "pk": 73, "fields": {"name": "Can add clocked", "content_type": 19, "codename": "add_clockedschedule"}}, {"model": "auth.permission", "pk": 74, "fields": {"name": "Can change clocked", "content_type": 19, "codename": "change_clockedschedule"}}, {"model": "auth.permission", "pk": 75, "fields": {"name": "Can delete clocked", "content_type": 19, "codename": "delete_clockedschedule"}}, {"model": "auth.permission", "pk": 76, "fields": {"name": "Can view clocked", "content_type": 19, "codename": "view_clockedschedule"}}, {"model": "auth.permission", "pk": 77, "fields": {"name": "Can add mail model", "content_type": 20, "codename": "add_mailmodel"}}, {"model": "auth.permission", "pk": 78, "fields": {"name": "Can change mail model", "content_type": 20, "codename": "change_mailmodel"}}, {"model": "auth.permission", "pk": 79, "fields": {"name": "Can delete mail model", "content_type": 20, "codename": "delete_mailmodel"}}, {"model": "auth.permission", "pk": 80, "fields": {"name": "Can view mail model", "content_type": 20, "codename": "view_mailmodel"}}, {"model": "auth.permission", "pk": 81, "fields": {"name": "Can add task result", "content_type": 21, "codename": "add_taskresult"}}, {"model": "auth.permission", "pk": 82, "fields": {"name": "Can change task result", "content_type": 21, "codename": "change_taskresult"}}, {"model": "auth.permission", "pk": 83, "fields": {"name": "Can delete task result", "content_type": 21, "codename": "delete_taskresult"}}, {"model": "auth.permission", "pk": 84, "fields": {"name": "Can view task result", "content_type": 21, "codename": "view_taskresult"}}, {"model": "auth.permission", "pk": 85, "fields": {"name": "Can add chord counter", "content_type": 22, "codename": "add_chordcounter"}}, {"model": "auth.permission", "pk": 86, "fields": {"name": "Can change chord counter", "content_type": 22, "codename": "change_chordcounter"}}, {"model": "auth.permission", "pk": 87, "fields": {"name": "Can delete chord counter", "content_type": 22, "codename": "delete_chordcounter"}}, {"model": "auth.permission", "pk": 88, "fields": {"name": "Can view chord counter", "content_type": 22, "codename": "view_chordcounter"}}, {"model": "auth.group", "pk": 2, "fields": {"name": "Publisher", "permissions": [33, 36, 37, 38, 39, 40, 45, 46, 47]}}, {"model": "auth.user", "pk": 1, "fields": {"password": "pbkdf2_sha256$180000$ndU37KKmOvCa$GWEBqZpf8Tgh7BREH8hQp4aXxRK/veDpE0PFVD/+Gks=", "last_login": "2020-11-19T17:46:37.190Z", "is_superuser": true, "username": "admin", "first_name": "Mosut", "last_name": "Sorin", "email": "admin@gmail.com", "is_staff": true, "is_active": true, "date_joined": "2020-11-03T22:05:48.344Z", "groups": [], "user_permissions": []}}, {"model": "auth.user", "pk": 2, "fields": {"password": "pbkdf2_sha256$180000$nddzWASufJmD$T0g7nXEQl3ORUyR52est3QfpYAPmjBtShKuOiMZJk8I=", "last_login": "2020-11-14T00:11:34.496Z", "is_superuser": false, "username": "georgepop", "first_name": "Pop", "last_name": "George", "email": "account1@gmail.com", "is_staff": true, "is_active": true, "date_joined": "2020-11-03T22:12:12Z", "groups": [2], "user_permissions": []}}, {"model": "auth.user", "pk": 3, "fields": {"password": "pbkdf2_sha256$180000$BsO2ueSMjxjN$Z8zZtL6JBnJdiHcc/HyjIaljSF/C14WYUWisLEOw+u0=", "last_login": "2020-11-13T22:11:15.255Z", "is_superuser": false, "username": "danion", "first_name": "Ion", "last_name": "Dan", "email": "danion@yahoo.com", "is_staff": true, "is_active": true, "date_joined": "2020-11-09T16:07:58Z", "groups": [2], "user_permissions": []}}, {"model": "auth.user", "pk": 4, "fields": {"password": "pbkdf2_sha256$180000$45w7JYWDBz25$lXwOxMBETjmhYbR8QurYgMBvojQ7BZwPId9gGMRNN08=", "last_login": null, "is_superuser": false, "username": "johndoe", "first_name": "Doe", "last_name": "John", "email": "johndoe@gmail.com", "is_staff": false, "is_active": true, "date_joined": "2020-11-09T16:08:56.201Z", "groups": [], "user_permissions": []}}, {"model": "auth.user", "pk": 5, "fields": {"password": "pbkdf2_sha256$180000$MgJdO7oAzk0k$0QPgBUgsUzOnn+baKGMIZsrh/dQuc0sVTy+1cPnZv0c=", "last_login": "2020-11-12T13:53:27.145Z", "is_superuser": false, "username": "fr", "first_name": "Ford", "last_name": "Robert", "email": "fr@gmail.com", "is_staff": false, "is_active": true, "date_joined": "2020-11-09T16:19:28.382Z", "groups": [], "user_permissions": []}}, {"model": "auth.user", "pk": 8, "fields": {"password": "", "last_login": null, "is_superuser": false, "username": "tc@yahoo.com", "first_name": "Cruise", "last_name": "Tom", "email": "tc@yahoo.com", "is_staff": false, "is_active": true, "date_joined": "2020-11-15T16:59:56.335Z", "groups": [], "user_permissions": []}}, {"model": "auth.user", "pk": 9, "fields": {"password": "", "last_login": null, "is_superuser": false, "username": "tc2@yahoo.com", "first_name": "Cruise", "last_name": "Tom", "email": "tc2@yahoo.com", "is_staff": false, "is_active": true, "date_joined": "2020-11-15T17:06:33.620Z", "groups": [], "user_permissions": []}}, {"model": "auth.user", "pk": 10, "fields": {"password": "", "last_login": null, "is_superuser": false, "username": "jb@yahoo.com", "first_name": "Jackson", "last_name": "Ben", "email": "jb@yahoo.com", "is_staff": false, "is_active": true, "date_joined": "2020-11-15T17:25:59.212Z", "groups": [], "user_permissions": []}}, {"model": "admin.logentry", "pk": 1, "fields": {"action_time": "2020-11-03T22:12:12.781Z", "user": 1, "content_type": 4, "object_id": "2", "object_repr": "account1", "action_flag": 1, "change_message": "[{\"added\": {}}]"}}, {"model": "admin.logentry", "pk": 2, "fields": {"action_time": "2020-11-03T22:17:28.980Z", "user": 1, "content_type": 7, "object_id": "4", "object_repr": "MyModel object (4)", "action_flag": 1, "change_message": "[{\"added\": {}}]"}}, {"model": "admin.logentry", "pk": 3, "fields": {"action_time": "2020-11-03T22:22:56.073Z", "user": 1, "content_type": 3, "object_id": "1", "object_repr": "Pubisher", "action_flag": 1, "change_message": "[{\"added\": {}}]"}}, {"model": "admin.logentry", "pk": 4, "fields": {"action_time": "2020-11-03T22:23:18.930Z", "user": 1, "content_type": 4, "object_id": "2", "object_repr": "account1", "action_flag": 2, "change_message": "[{\"changed\": {\"fields\": [\"Groups\"]}}]"}}, {"model": "admin.logentry", "pk": 5, "fields": {"action_time": "2020-11-12T16:19:10.474Z", "user": 1, "content_type": 11, "object_id": "1", "object_repr": "Sport", "action_flag": 1, "change_message": "[{\"added\": {}}]"}}, {"model": "admin.logentry", "pk": 6, "fields": {"action_time": "2020-11-12T16:19:15.935Z", "user": 1, "content_type": 11, "object_id": "2", "object_repr": "Istorice", "action_flag": 1, "change_message": "[{\"added\": {}}]"}}, {"model": "admin.logentry", "pk": 7, "fields": {"action_time": "2020-11-12T16:19:21.917Z", "user": 1, "content_type": 11, "object_id": "3", "object_repr": "Drama", "action_flag": 1, "change_message": "[{\"added\": {}}]"}}, {"model": "admin.logentry", "pk": 8, "fields": {"action_time": "2020-11-12T16:19:30.268Z", "user": 1, "content_type": 11, "object_id": "4", "object_repr": "Documentar", "action_flag": 1, "change_message": "[{\"added\": {}}]"}}, {"model": "admin.logentry", "pk": 9, "fields": {"action_time": "2020-11-12T16:19:44.260Z", "user": 1, "content_type": 11, "object_id": "5", "object_repr": "Tehnice", "action_flag": 1, "change_message": "[{\"added\": {}}]"}}, {"model": "admin.logentry", "pk": 10, "fields": {"action_time": "2020-11-12T16:20:43.934Z", "user": 1, "content_type": 11, "object_id": "6", "object_repr": "Povesti", "action_flag": 1, "change_message": "[{\"added\": {}}]"}}, {"model": "admin.logentry", "pk": 11, "fields": {"action_time": "2020-11-12T16:21:33.421Z", "user": 1, "content_type": 13, "object_id": "1", "object_repr": "Antichitate [Istorice]", "action_flag": 1, "change_message": "[{\"added\": {}}]"}}, {"model": "admin.logentry", "pk": 12, "fields": {"action_time": "2020-11-12T16:21:44.962Z", "user": 1, "content_type": 13, "object_id": "2", "object_repr": "Medievala [Istorice]", "action_flag": 1, "change_message": "[{\"added\": {}}]"}}, {"model": "admin.logentry", "pk": 13, "fields": {"action_time": "2020-11-12T16:22:05.877Z", "user": 1, "content_type": 13, "object_id": "3", "object_repr": "Al doilea razboi mondial [Istorice]", "action_flag": 1, "change_message": "[{\"added\": {}}]"}}, {"model": "admin.logentry", "pk": 14, "fields": {"action_time": "2020-11-12T16:22:54.203Z", "user": 1, "content_type": 13, "object_id": "4", "object_repr": "Echipe de traditie [Sport]", "action_flag": 1, "change_message": "[{\"added\": {}}]"}}, {"model": "admin.logentry", "pk": 15, "fields": {"action_time": "2020-11-12T16:25:02.188Z", "user": 1, "content_type": 13, "object_id": "5", "object_repr": "Antrenorat [Sport]", "action_flag": 1, "change_message": "[{\"added\": {}}]"}}, {"model": "admin.logentry", "pk": 16, "fields": {"action_time": "2020-11-12T16:25:59.911Z", "user": 1, "content_type": 13, "object_id": "6", "object_repr": "Vestigii [Documentar]", "action_flag": 1, "change_message": "[{\"added\": {}}]"}}, {"model": "admin.logentry", "pk": 17, "fields": {"action_time": "2020-11-12T16:27:43.244Z", "user": 1, "content_type": 13, "object_id": "7", "object_repr": "Fauna [Documentar]", "action_flag": 1, "change_message": "[{\"added\": {}}]"}}, {"model": "admin.logentry", "pk": 18, "fields": {"action_time": "2020-11-12T16:27:51.532Z", "user": 1, "content_type": 13, "object_id": "8", "object_repr": "Flora [Documentar]", "action_flag": 1, "change_message": "[{\"added\": {}}]"}}, {"model": "admin.logentry", "pk": 19, "fields": {"action_time": "2020-11-12T16:28:57.409Z", "user": 1, "content_type": 9, "object_id": "1", "object_repr": "Imperiul Roman", "action_flag": 1, "change_message": "[{\"added\": {}}]"}}, {"model": "admin.logentry", "pk": 20, "fields": {"action_time": "2020-11-12T16:29:28.933Z", "user": 1, "content_type": 9, "object_id": "2", "object_repr": "Dacii si Romanii", "action_flag": 1, "change_message": "[{\"added\": {}}]"}}, {"model": "admin.logentry", "pk": 21, "fields": {"action_time": "2020-11-12T16:30:05.538Z", "user": 1, "content_type": 9, "object_id": "3", "object_repr": "Transilvania Medievala", "action_flag": 1, "change_message": "[{\"added\": {}}]"}}, {"model": "admin.logentry", "pk": 22, "fields": {"action_time": "2020-11-12T16:30:45.142Z", "user": 1, "content_type": 9, "object_id": "4", "object_repr": "tancuri nemtesti", "action_flag": 1, "change_message": "[{\"added\": {}}]"}}, {"model": "admin.logentry", "pk": 23, "fields": {"action_time": "2020-11-12T16:31:14.733Z", "user": 1, "content_type": 9, "object_id": "5", "object_repr": "Berlin", "action_flag": 1, "change_message": "[{\"added\": {}}]"}}, {"model": "admin.logentry", "pk": 24, "fields": {"action_time": "2020-11-12T16:32:53.174Z", "user": 1, "content_type": 9, "object_id": "6", "object_repr": "Universitatea Cluj 1919", "action_flag": 1, "change_message": "[{\"added\": {}}]"}}, {"model": "admin.logentry", "pk": 25, "fields": {"action_time": "2020-11-12T16:33:48.369Z", "user": 1, "content_type": 9, "object_id": "7", "object_repr": "FC Maramures", "action_flag": 1, "change_message": "[{\"added\": {}}]"}}, {"model": "admin.logentry", "pk": 26, "fields": {"action_time": "2020-11-12T16:34:19.678Z", "user": 1, "content_type": 9, "object_id": "8", "object_repr": "Mircea Lucescu", "action_flag": 1, "change_message": "[{\"added\": {}}]"}}, {"model": "admin.logentry", "pk": 27, "fields": {"action_time": "2020-11-12T16:34:46.632Z", "user": 1, "content_type": 9, "object_id": "9", "object_repr": "Lupii", "action_flag": 1, "change_message": "[{\"added\": {}}]"}}, {"model": "admin.logentry", "pk": 28, "fields": {"action_time": "2020-11-12T16:35:01.974Z", "user": 1, "content_type": 9, "object_id": "4", "object_repr": "Tancuri nemtesti", "action_flag": 2, "change_message": "[{\"changed\": {\"fields\": [\"Title\"]}}]"}}, {"model": "admin.logentry", "pk": 29, "fields": {"action_time": "2020-11-12T16:37:36.038Z", "user": 1, "content_type": 10, "object_id": "1", "object_repr": "PublishedBook object (1)", "action_flag": 1, "change_message": "[{\"added\": {}}]"}}, {"model": "admin.logentry", "pk": 30, "fields": {"action_time": "2020-11-12T16:37:50.336Z", "user": 1, "content_type": 10, "object_id": "2", "object_repr": "PublishedBook object (2)", "action_flag": 1, "change_message": "[{\"added\": {}}]"}}, {"model": "admin.logentry", "pk": 31, "fields": {"action_time": "2020-11-12T16:38:06.278Z", "user": 1, "content_type": 10, "object_id": "3", "object_repr": "PublishedBook object (3)", "action_flag": 1, "change_message": "[{\"added\": {}}]"}}, {"model": "admin.logentry", "pk": 32, "fields": {"action_time": "2020-11-12T16:38:21.611Z", "user": 1, "content_type": 10, "object_id": "4", "object_repr": "PublishedBook object (4)", "action_flag": 1, "change_message": "[{\"added\": {}}]"}}, {"model": "admin.logentry", "pk": 33, "fields": {"action_time": "2020-11-12T16:38:34.330Z", "user": 1, "content_type": 10, "object_id": "5", "object_repr": "PublishedBook object (5)", "action_flag": 1, "change_message": "[{\"added\": {}}]"}}, {"model": "admin.logentry", "pk": 34, "fields": {"action_time": "2020-11-12T16:38:47.939Z", "user": 1, "content_type": 10, "object_id": "6", "object_repr": "PublishedBook object (6)", "action_flag": 1, "change_message": "[{\"added\": {}}]"}}, {"model": "admin.logentry", "pk": 35, "fields": {"action_time": "2020-11-12T16:39:08.511Z", "user": 1, "content_type": 10, "object_id": "7", "object_repr": "PublishedBook object (7)", "action_flag": 1, "change_message": "[{\"added\": {}}]"}}, {"model": "admin.logentry", "pk": 36, "fields": {"action_time": "2020-11-12T16:39:23.906Z", "user": 1, "content_type": 10, "object_id": "8", "object_repr": "PublishedBook object (8)", "action_flag": 1, "change_message": "[{\"added\": {}}]"}}, {"model": "admin.logentry", "pk": 37, "fields": {"action_time": "2020-11-12T16:39:50.148Z", "user": 1, "content_type": 10, "object_id": "9", "object_repr": "PublishedBook object (9)", "action_flag": 1, "change_message": "[{\"added\": {}}]"}}, {"model": "admin.logentry", "pk": 38, "fields": {"action_time": "2020-11-12T16:41:06.049Z", "user": 1, "content_type": 12, "object_id": "2", "object_repr": "Editura Sportul", "action_flag": 2, "change_message": "[]"}}, {"model": "admin.logentry", "pk": 39, "fields": {"action_time": "2020-11-12T16:41:13.575Z", "user": 1, "content_type": 12, "object_id": "1", "object_repr": "Editura Romaneasca", "action_flag": 2, "change_message": "[]"}}, {"model": "admin.logentry", "pk": 40, "fields": {"action_time": "2020-11-12T16:41:17.404Z", "user": 1, "content_type": 12, "object_id": "2", "object_repr": "Editura Sportul", "action_flag": 2, "change_message": "[]"}}, {"model": "admin.logentry", "pk": 41, "fields": {"action_time": "2020-11-12T18:40:02.095Z", "user": 1, "content_type": 3, "object_id": "2", "object_repr": "Publisher", "action_flag": 1, "change_message": "[{\"added\": {}}]"}}, {"model": "admin.logentry", "pk": 42, "fields": {"action_time": "2020-11-12T18:40:15.855Z", "user": 1, "content_type": 3, "object_id": "1", "object_repr": "Pubisher", "action_flag": 3, "change_message": ""}}, {"model": "admin.logentry", "pk": 43, "fields": {"action_time": "2020-11-12T18:41:08.941Z", "user": 1, "content_type": 4, "object_id": "2", "object_repr": "georgepop", "action_flag": 2, "change_message": "[{\"changed\": {\"fields\": [\"Groups\"]}}]"}}, {"model": "admin.logentry", "pk": 44, "fields": {"action_time": "2020-11-12T18:41:23.474Z", "user": 1, "content_type": 4, "object_id": "3", "object_repr": "danion", "action_flag": 2, "change_message": "[{\"changed\": {\"fields\": [\"Groups\"]}}]"}}, {"model": "admin.logentry", "pk": 45, "fields": {"action_time": "2020-11-12T19:49:36.675Z", "user": 1, "content_type": 12, "object_id": "3", "object_repr": "Editura Tehnica", "action_flag": 1, "change_message": "[{\"added\": {}}]"}}, {"model": "admin.logentry", "pk": 46, "fields": {"action_time": "2020-11-12T20:20:48.482Z", "user": 2, "content_type": 12, "object_id": "3", "object_repr": "Editura Tehnica", "action_flag": 3, "change_message": ""}}, {"model": "admin.logentry", "pk": 47, "fields": {"action_time": "2020-11-12T20:23:53.909Z", "user": 1, "content_type": 12, "object_id": "4", "object_repr": "Editura Tehnica", "action_flag": 1, "change_message": "[{\"added\": {}}]"}}, {"model": "admin.logentry", "pk": 48, "fields": {"action_time": "2020-11-12T20:39:22.444Z", "user": 3, "content_type": 12, "object_id": "5", "object_repr": "Editura UTC-N", "action_flag": 1, "change_message": "[{\"added\": {}}]"}}, {"model": "admin.logentry", "pk": 49, "fields": {"action_time": "2020-11-12T20:40:36.092Z", "user": 2, "content_type": 12, "object_id": "6", "object_repr": "Editura Fantastica", "action_flag": 1, "change_message": "[{\"added\": {}}]"}}, {"model": "admin.logentry", "pk": 50, "fields": {"action_time": "2020-11-12T20:41:44.930Z", "user": 1, "content_type": 12, "object_id": "7", "object_repr": "Editura Agricola", "action_flag": 1, "change_message": "[{\"added\": {}}]"}}, {"model": "admin.logentry", "pk": 51, "fields": {"action_time": "2020-11-12T20:42:42.310Z", "user": 1, "content_type": 12, "object_id": "7", "object_repr": "Editura Agricola", "action_flag": 3, "change_message": ""}}, {"model": "admin.logentry", "pk": 52, "fields": {"action_time": "2020-11-12T20:42:42.316Z", "user": 1, "content_type": 12, "object_id": "6", "object_repr": "Editura Fantastica", "action_flag": 3, "change_message": ""}}, {"model": "admin.logentry", "pk": 53, "fields": {"action_time": "2020-11-12T20:42:42.322Z", "user": 1, "content_type": 12, "object_id": "5", "object_repr": "Editura UTC-N", "action_flag": 3, "change_message": ""}}, {"model": "admin.logentry", "pk": 54, "fields": {"action_time": "2020-11-12T20:42:42.326Z", "user": 1, "content_type": 12, "object_id": "4", "object_repr": "Editura Tehnica", "action_flag": 3, "change_message": ""}}, {"model": "admin.logentry", "pk": 55, "fields": {"action_time": "2020-11-12T20:42:56.285Z", "user": 1, "content_type": 12, "object_id": "8", "object_repr": "Editura Tehnica", "action_flag": 1, "change_message": "[{\"added\": {}}]"}}, {"model": "admin.logentry", "pk": 56, "fields": {"action_time": "2020-11-12T20:43:54.984Z", "user": 1, "content_type": 12, "object_id": "8", "object_repr": "Editura Tehnica", "action_flag": 3, "change_message": ""}}, {"model": "admin.logentry", "pk": 57, "fields": {"action_time": "2020-11-12T20:44:05.598Z", "user": 1, "content_type": 12, "object_id": "9", "object_repr": "Editura Tehnica", "action_flag": 1, "change_message": "[{\"added\": {}}]"}}, {"model": "admin.logentry", "pk": 58, "fields": {"action_time": "2020-11-12T20:45:41.273Z", "user": 1, "content_type": 12, "object_id": "9", "object_repr": "Editura Tehnica", "action_flag": 3, "change_message": ""}}, {"model": "admin.logentry", "pk": 59, "fields": {"action_time": "2020-11-12T20:45:51.155Z", "user": 1, "content_type": 12, "object_id": "10", "object_repr": "Editura Tehnica", "action_flag": 1, "change_message": "[{\"added\": {}}]"}}, {"model": "admin.logentry", "pk": 60, "fields": {"action_time": "2020-11-12T20:48:29.153Z", "user": 2, "content_type": 12, "object_id": "11", "object_repr": "Editura UTC-N", "action_flag": 1, "change_message": "[{\"added\": {}}]"}}, {"model": "admin.logentry", "pk": 61, "fields": {"action_time": "2020-11-12T20:51:46.650Z", "user": 2, "content_type": 12, "object_id": "12", "object_repr": "Editura Agricola", "action_flag": 1, "change_message": "[{\"added\": {}}]"}}, {"model": "admin.logentry", "pk": 62, "fields": {"action_time": "2020-11-12T20:52:18.922Z", "user": 3, "content_type": 12, "object_id": "13", "object_repr": "Editura Fantastica", "action_flag": 1, "change_message": "[{\"added\": {}}]"}}, {"model": "admin.logentry", "pk": 63, "fields": {"action_time": "2020-11-13T13:42:32.419Z", "user": 3, "content_type": 10, "object_id": "10", "object_repr": "PublishedBook object (10)", "action_flag": 1, "change_message": "[{\"added\": {}}]"}}, {"model": "admin.logentry", "pk": 64, "fields": {"action_time": "2020-11-19T17:49:27.525Z", "user": 1, "content_type": 15, "object_id": "1", "object_repr": "every 5 seconds", "action_flag": 1, "change_message": "[{\"added\": {}}]"}}, {"model": "admin.logentry", "pk": 65, "fields": {"action_time": "2020-11-19T17:49:56.241Z", "user": 1, "content_type": 16, "object_id": "1", "object_repr": "date-time-5sec: every 5 seconds", "action_flag": 1, "change_message": "[{\"added\": {}}]"}}, {"model": "admin.logentry", "pk": 66, "fields": {"action_time": "2020-11-19T18:17:26.012Z", "user": 1, "content_type": 16, "object_id": "2", "object_repr": "sum: every 5 seconds", "action_flag": 1, "change_message": "[{\"added\": {}}]"}}, {"model": "admin.logentry", "pk": 67, "fields": {"action_time": "2020-11-20T09:43:05.227Z", "user": 1, "content_type": 16, "object_id": "2", "object_repr": "sum: every 5 seconds", "action_flag": 3, "change_message": ""}}, {"model": "admin.logentry", "pk": 68, "fields": {"action_time": "2020-11-20T09:43:05.270Z", "user": 1, "content_type": 16, "object_id": "1", "object_repr": "date-time-5sec: every 5 seconds", "action_flag": 3, "change_message": ""}}, {"model": "app_1.otherroles", "pk": 4, "fields": {"user": 1, "is_owner": true, "has_rank": false}}, {"model": "library.publisher", "pk": 1, "fields": {"name": "Editura Romaneasca", "user": 2}}, {"model": "library.publisher", "pk": 2, "fields": {"name": "Editura Sportul", "user": 3}}, {"model": "library.publisher", "pk": 10, "fields": {"name": "Editura Tehnica", "user": 3}}, {"model": "library.publisher", "pk": 11, "fields": {"name": "Editura UTC-N", "user": 2}}, {"model": "library.publisher", "pk": 12, "fields": {"name": "Editura Agricola", "user": 2}}, {"model": "library.publisher", "pk": 13, "fields": {"name": "Editura Fantastica", "user": 3}}]